INSERT INTO jh_admin_role (role_id, role_name, role, priv) VALUES(1, '系统管理员', 'system', '');
INSERT INTO jh_admin_role (role_id, role_name, role, priv) VALUES(2, '开发人员', 'developer', '119,120,121,122,123,124,125,126,128,104,106,108,112,114,107,105,111,110,109,113,116,117,118');
INSERT INTO jh_admin_role (role_id, role_name, role, priv) VALUES(3, '管理员', 'admin', '386,470,471,500,506,514,516,517,48,49,50,51,52,53,54,55,56,57,8,26,28,35,44,27,9,33,31,32,37,159,160,142,383,384,385,144,146,188,189,430,419,420,217,220,218,219,417,455,447,448,449,450,433,434,435,436,437,438,439,440,441,442,443,444,445,446,451,452,453,454,512,513,231,232,355,356,357,375,421,425,365,366,367,368,369,376,422,426,370,371,372,373,374,377,423,427,360,361,362,363,364,387,388,389,390,428,429,424,507,508,509,270,271,272,293,294,295,303,304,305,306,307,308,309,310,311,312,313,314,320,321,322,323,324,350,351,352,353,354,378,379,414,380,416,381,382,409,393,394,395,396,403,404,405,406,407,408,397,398,399,400,401,402,493,494,495,496,497,498,499,457,469,458,459,460,461,462,463,464,465,466,467,468,521,254,255,256,257,258,259,518,260,262,263,264,520,522,266,267,268,519,326,418,327,328,329,330,331,332,410,411,412,413,484,485,486,487,488,489,490,491,492,223,224,228,229,230,456,287,288,289,290,291,292,297,298,299,300,301,302,415,113,114,115,116,117,119,120,122,123,124,515,338,339,340,341,342,333,344,335,336,337,345,346,347,348,349,479,480,481,482,483,474,475,476,477,478,502,503,504,505,275,277,278,343,245');
insert  into `jh_adv`(`adv_id`,`theme`,`page`,`title`,`from`,`config`,`desc`,`orderby`,`audit`,`closed`,`dateline`) values (133,'default','','首页banner广告','lunzhuan','a:2:{s:5:\"width\";s:4:\"1920\";s:6:\"height\";s:3:\"400\";}','',50,1,0,1421051321);
insert  into `jh_adv`(`adv_id`,`theme`,`page`,`title`,`from`,`config`,`desc`,`orderby`,`audit`,`closed`,`dateline`) values (134,'default','','首页家装套系广告位','photo','a:2:{s:5:\"width\";s:3:\"280\";s:6:\"height\";s:3:\"100\";}','',50,1,0,1421218401);
insert  into `jh_adv`(`adv_id`,`theme`,`page`,`title`,`from`,`config`,`desc`,`orderby`,`audit`,`closed`,`dateline`) values (135,'default','','首页优惠活动下通栏广告','photo','a:2:{s:5:\"width\";s:4:\"1100\";s:6:\"height\";s:2:\"80\";}','',50,1,0,1421225264);
insert  into `jh_adv`(`adv_id`,`theme`,`page`,`title`,`from`,`config`,`desc`,`orderby`,`audit`,`closed`,`dateline`) values (136,'default','','首页团装小区下通栏广告','photo','a:2:{s:5:\"width\";s:4:\"1100\";s:6:\"height\";s:2:\"80\";}','',50,1,0,1421227008);
insert  into `jh_adv`(`adv_id`,`theme`,`page`,`title`,`from`,`config`,`desc`,`orderby`,`audit`,`closed`,`dateline`) values (137,'default','','平价材料列表banner广告','lunzhuan','a:2:{s:5:\"width\";s:4:\"1100\";s:6:\"height\";s:3:\"250\";}','',50,1,0,1421827147);
insert  into `jh_adv`(`adv_id`,`theme`,`page`,`title`,`from`,`config`,`desc`,`orderby`,`audit`,`closed`,`dateline`) values (138,'default','','全站列表页右侧边栏广告','photo','a:2:{s:5:"width";s:3:"260";s:6:"height";s:3:"200";}','',50,1,0,1421227008);
insert  into `jh_adv_item`(`item_id`,`adv_id`,`city_ids`,`title`,`link`,`thumb`,`script`,`clicks`,`stime`,`orderby`,`closed`,`ltime`,`desc`,`target`,`dateline`) values (147,133,'','##','##','photo/201501/20150113_1750D1B9798A01F9FA50234F6381EAA9.jpg',NULL,0,0,50,0,0,'','_blank',1421051346);
insert  into `jh_adv_item`(`item_id`,`adv_id`,`city_ids`,`title`,`link`,`thumb`,`script`,`clicks`,`stime`,`orderby`,`closed`,`ltime`,`desc`,`target`,`dateline`) values (148,134,'','##','index.php?taocan.html','photo/201501/20150114_69C464DF1D6AB8A412545D301CFB2E89.jpg',NULL,0,0,50,0,0,'','_blank',1421218479);
insert  into `jh_adv_item`(`item_id`,`adv_id`,`city_ids`,`title`,`link`,`thumb`,`script`,`clicks`,`stime`,`orderby`,`closed`,`ltime`,`desc`,`target`,`dateline`) values (149,134,'','##','index.php?taocan.html','photo/201501/20150114_E411DC815F3FBAF12103CF6D3350CC43.jpg',NULL,0,0,50,0,0,'','_blank',1421218489);
insert  into `jh_adv_item`(`item_id`,`adv_id`,`city_ids`,`title`,`link`,`thumb`,`script`,`clicks`,`stime`,`orderby`,`closed`,`ltime`,`desc`,`target`,`dateline`) values (150,134,'','##','index.php?taocan.html','photo/201501/20150114_85EA605D793BD94E3D8F5A1C952EC0A8.jpg',NULL,0,0,50,0,0,'','_blank',1421218498);
insert  into `jh_adv_item`(`item_id`,`adv_id`,`city_ids`,`title`,`link`,`thumb`,`script`,`clicks`,`stime`,`orderby`,`closed`,`ltime`,`desc`,`target`,`dateline`) values (151,135,'','##','##','photo/201501/20150114_74E0BFE444058736AE59C3FB2D0D40C3.jpg',NULL,0,0,50,0,0,'','_blank',1421225276);
insert  into `jh_adv_item`(`item_id`,`adv_id`,`city_ids`,`title`,`link`,`thumb`,`script`,`clicks`,`stime`,`orderby`,`closed`,`ltime`,`desc`,`target`,`dateline`) values (152,136,'','##','##','photo/201501/20150114_1A1DCF7762561BFBC36248E8D52CBAAE.jpg',NULL,0,0,50,0,0,'','_blank',1421227022);
insert  into `jh_adv_item`(`item_id`,`adv_id`,`city_ids`,`title`,`link`,`thumb`,`script`,`clicks`,`stime`,`orderby`,`closed`,`ltime`,`desc`,`target`,`dateline`) values (153,137,'','##','##','photo/201501/20150121_C69C8DC5DAFD82666862152D2DBCEBCB.jpg',NULL,0,0,50,0,0,'','_blank',1421827160);
INSERT INTO jh_article (article_id, cat_id, `from`, page, title, thumb, `desc`, views, favorites, comments, photos, orderby, hidden, audit, closed, dateline) VALUES(1, 1, 'about', 'about', '关于我们', '', '关于我们', 1, 0, 0, 0, 50, 0, 1, 0, 1394529052);
INSERT INTO jh_article (article_id, cat_id, `from`, page, title, thumb, `desc`, views, favorites, comments, photos, orderby, hidden, audit, closed, dateline) VALUES(2, 1, 'about', 'ry', '荣誉资质', '', '荣誉资质', 1, 0, 0, 0, 50, 0, 1, 0, 1394529098);
INSERT INTO jh_article (article_id, cat_id, `from`, page, title, thumb, `desc`, views, favorites, comments, photos, orderby, hidden, audit, closed, dateline) VALUES(3, 1, 'about', 'wh', '企业文化', '', '企业文化', 1, 0, 0, 0, 50, 0, 1, 0, 1394529160);
INSERT INTO jh_article (article_id, cat_id, `from`, page, title, thumb, `desc`, views, favorites, comments, photos, orderby, hidden, audit, closed, dateline) VALUES(4, 1, 'about', 'jobs', '人才招聘', '', '人才招聘', 1, 0, 0, 0, 50, 0, 1, 0, 1394529182);
INSERT INTO jh_article (article_id, cat_id, `from`, page, title, thumb, `desc`, views, favorites, comments, photos, orderby, hidden, audit, closed, dateline) VALUES(5, 1, 'about', 'lc', '企业历程', '', '企业历程', 1, 0, 0, 0, 50, 0, 1, 0, 1394529379);
INSERT INTO jh_article (article_id, cat_id, `from`, page, title, thumb, `desc`, views, favorites, comments, photos, orderby, hidden, audit, closed, dateline) VALUES(6, 1, 'about', 'contact', '联系我们', '', '联系我们', 1, 0, 0, 0, 50, 0, 1, 0, 1394529393);
INSERT INTO jh_article (article_id, cat_id, `from`, page, title, thumb, `desc`, views, favorites, comments, photos, orderby, hidden, audit, closed, dateline) VALUES(7, 4, 'help', '', '亲请注意了亲，这是什么？提前爆料？江湖家居手机真的么？', '', '亲请注意了亲，这是什么？提前爆料？江湖家居手机真的么？亲请注意了亲，这是什么？提前爆料？江湖家居手机真的么？亲请注意了亲，这是什么？提前爆料？江湖家居手机真的么？亲请注意了亲，这是什么？提前爆料？江湖家居手机真的么？亲请注意了亲，这是什么？提前爆料？江湖家居手机真的么？亲请注意了亲，这是什么？提前爆料？江湖家居手机真的么？', 1, 0, 0, 0, 50, 0, 1, 1, 1394535097);
INSERT INTO jh_article (article_id, cat_id, `from`, page, title, thumb, `desc`, views, favorites, comments, photos, orderby, hidden, audit, closed, dateline) VALUES(8, 12, 'article', '', '这是一篇测试的文章', '', '这是一篇测试的文章', 2, 0, 0, 0, 50, 0, 1, 1, 1394589678);
INSERT INTO jh_article (article_id, cat_id, `from`, page, title, thumb, `desc`, views, favorites, comments, photos, orderby, hidden, audit, closed, dateline) VALUES(9, 9, '', '', '388即住套餐', 'photo/201403/20140312_31B6CE8BB0818F3D1275C2F614250172.png', '388套餐', 1, 0, 0, 0, 50, 0, 1, 0, 1394591448);
INSERT INTO jh_article (article_id, cat_id, `from`, page, title, thumb, `desc`, views, favorites, comments, photos, orderby, hidden, audit, closed, dateline) VALUES(10, 9, 'article', '', '688乐居套餐', 'photo/201403/20140312_CB6F7D23DB1201745421E37028D6CF4D.png', '688套餐', 3, 0, 0, 0, 50, 0, 1, 1, 1394591763);
INSERT INTO jh_article (article_id, cat_id, `from`, page, title, thumb, `desc`, views, favorites, comments, photos, orderby, hidden, audit, closed, dateline) VALUES(11, 9, 'article', '', '988豪华套餐', 'photo/201403/20140312_12ECFF3BD075F0A458758CFD4E4DDEF4.png', '988套餐', 2, 0, 0, 0, 50, 0, 1, 1, 1394592063);
INSERT INTO jh_article (article_id, cat_id, `from`, page, title, thumb, `desc`, views, favorites, comments, photos, orderby, hidden, audit, closed, dateline) VALUES(12, 14, 'article', '', '锦旗飘飘 江湖家居用高品质向广大客户致敬', '', '今天是伟大党的生日，五星红旗飘扬地格外鲜艳、炫目;今天是华然的荣誉之日，锦旗传递着客户对我们的信任和感谢。　　7月1日，一位科学家园的业主带着一面锦旗来到华然&私享家，他对工作人员说：“感谢华然为他装饰了美好的新家，特别感谢设计师黄前胜、监理沈磊、项目经理葛基林。”面对业主的真心感谢，华然行政部杨经理代表华然企业感谢这位业主的支持，并回赠一份纪念礼品表示华然的感谢之情。…', 4, 0, 0, 0, 50, 0, 1, 0, 1394619546);
INSERT INTO jh_article (article_id, cat_id, `from`, page, title, thumb, `desc`, views, favorites, comments, photos, orderby, hidden, audit, closed, dateline) VALUES(13, 14, 'article', '', '恭喜业主张先生入住家天下新装房', '', '恭喜业主张先生入住家天下新装房', 4, 0, 0, 0, 50, 0, 1, 0, 1394619873);
INSERT INTO jh_article (article_id, cat_id, `from`, page, title, thumb, `desc`, views, favorites, comments, photos, orderby, hidden, audit, closed, dateline) VALUES(14, 10, 'article', '', '江湖科技成立一周年感谢亲们的支持，优惠促销火爆进行', 'photo/201403/20140312_2F18FC4FC662515EC86355CF247E1013.jpg', '合肥江湖信息科技有限公司是江湖家居装修装饰系统和江湖婚庆婚嫁门户系统唯一官方机构！成立于2012年10月，目前旗下有家居装修装饰系统和婚庆门户系统。企业正以稳步的发展速度日益壮大，我们以诚心的态度做好装修系统，我们团队都是来自上海大型网络公司，以专业的技术确保每一个产品的质量。www.ijh.cc为官方唯一域名！我们会不断的努力将程序做的越来越好，不做二流技术服务公司，我们做的不仅仅是模…', 4, 0, 0, 0, 50, 0, 1, 0, 1394620308);
INSERT INTO jh_article (article_id, cat_id, `from`, page, title, thumb, `desc`, views, favorites, comments, photos, orderby, hidden, audit, closed, dateline) VALUES(15, 11, 'article', '', '江湖裝企优惠活动江湖裝企优惠活动', 'photo/201404/20140404_BCA45B2A222A270393F1814A54216BCF.png', '江湖裝企优惠活动', 21, 0, 0, 0, 50, 0, 1, 0, 1396591800);
INSERT INTO jh_article (article_id, cat_id, `from`, page, title, thumb, `desc`, views, favorites, comments, photos, orderby, hidden, audit, closed, dateline) VALUES(16, 4, 'help', 'qianyue', '签约流程', '', '签约流程', 1, 0, 0, 0, 50, 0, 1, 0, 1399627368);
INSERT INTO jh_article (article_id, cat_id, `from`, page, title, thumb, `desc`, views, favorites, comments, photos, orderby, hidden, audit, closed, dateline) VALUES(17, 4, 'help', 'hetong', '合同范本', '', '合同范本', 1, 0, 0, 0, 50, 0, 1, 0, 1399627423);
INSERT INTO jh_article (article_id, cat_id, `from`, page, title, thumb, `desc`, views, favorites, comments, photos, orderby, hidden, audit, closed, dateline) VALUES(18, 5, 'help', 'yusuan', '装修预算', '', '装修预算', 1, 0, 0, 0, 50, 0, 1, 0, 1399627470);
INSERT INTO jh_article (article_id, cat_id, `from`, page, title, thumb, `desc`, views, favorites, comments, photos, orderby, hidden, audit, closed, dateline) VALUES(19, 5, 'help', 'zb', '装修准备', '', '装修准备', 1, 0, 0, 0, 50, 0, 1, 0, 1399627628);
INSERT INTO jh_article_cate (cat_id, parent_id, title, `level`, `from`, seo_title, seo_keywords, seo_description, orderby, hidden, dateline) VALUES(1, 0, '关于我们', 1, 'about', '', '', '', 500, 1, 1386742671);
INSERT INTO jh_article_cate (cat_id, parent_id, title, `level`, `from`, seo_title, seo_keywords, seo_description, orderby, hidden, dateline) VALUES(2, 0, '网站帮助', 1, 'help', '', '', '', 5000, 1, 1386742686);
INSERT INTO jh_article_cate (cat_id, parent_id, title, `level`, `from`, seo_title, seo_keywords, seo_description, orderby, hidden, dateline) VALUES(3, 0, '单页面管理', 1, 'page', '', '', '', 5000, 1, 1386742766);
INSERT INTO jh_article_cate (cat_id, parent_id, title, `level`, `from`, seo_title, seo_keywords, seo_description, orderby, hidden, dateline) VALUES(4, 2, '新手指南', 2, 'help', '', '', '', 5000, 0, 1386742837);
INSERT INTO jh_article_cate (cat_id, parent_id, title, `level`, `from`, seo_title, seo_keywords, seo_description, orderby, hidden, dateline) VALUES(5, 2, '装修指南', 2, 'help', '', '', '', 5000, 0, 1386742847);
INSERT INTO jh_article_cate (cat_id, parent_id, title, `level`, `from`, seo_title, seo_keywords, seo_description, orderby, hidden, dateline) VALUES(6, 2, '合作方案', 2, 'help', '', '', '', 5000, 0, 1386746224);
INSERT INTO jh_article_cate (cat_id, parent_id, title, `level`, `from`, seo_title, seo_keywords, seo_description, orderby, hidden, dateline) VALUES(7, 2, '本站服务', 2, 'help', '', '', '', 5000, 0, 1386746236);
INSERT INTO jh_article_cate (cat_id, parent_id, title, `level`, `from`, seo_title, seo_keywords, seo_description, orderby, hidden, dateline) VALUES(8, 0, '最新动态', 1, 'article', '', '', '', 50, 0, 1394527077);
INSERT INTO jh_article_cate (cat_id, parent_id, title, `level`, `from`, seo_title, seo_keywords, seo_description, orderby, hidden, dateline) VALUES(9, 0, '企业新闻', 1, 'article', '', '', '', 50, 0, 1394527326);
INSERT INTO jh_article_cate (cat_id, parent_id, title, `level`, `from`, seo_title, seo_keywords, seo_description, orderby, hidden, dateline) VALUES(10, 0, '业主入住', 1, 'article', '', '', '', 50, 0, 1394527346);
INSERT INTO jh_article_content (content_id, article_id, seo_title, seo_keywords, seo_description, content, clientip) VALUES(1, 1, '', '', '', '关于我们', '127.0.0.1');
INSERT INTO jh_article_content (content_id, article_id, seo_title, seo_keywords, seo_description, content, clientip) VALUES(2, 2, '', '', '', '荣誉资质', '127.0.0.1');
INSERT INTO jh_article_content (content_id, article_id, seo_title, seo_keywords, seo_description, content, clientip) VALUES(3, 3, '', '', '', '<h1 style="color:#333333;font-weight:normal;font-size:20px;font-family:宋体, ''Arial Narrow'';background-color:#D9D9D9;">\r\n	企业文化\r\n</h1>', '127.0.0.1');
INSERT INTO jh_article_content (content_id, article_id, seo_title, seo_keywords, seo_description, content, clientip) VALUES(4, 4, '', '', '', '<h1 style="color:#333333;font-weight:normal;font-size:20px;font-family:宋体, ''Arial Narrow'';background-color:#D9D9D9;">\r\n	人才招聘\r\n</h1>', '127.0.0.1');
INSERT INTO jh_article_content (content_id, article_id, seo_title, seo_keywords, seo_description, content, clientip) VALUES(5, 5, '', '', '', '<h1 style="color:#333333;font-weight:normal;font-size:20px;font-family:宋体, ''Arial Narrow'';background-color:#D9D9D9;">\r\n	<h1 style="color:#333333;font-weight:normal;font-size:20px;font-family:宋体, ''Arial Narrow'';background-color:#D9D9D9;">\r\n		企业历程\r\n	</h1>\r\n</h1>', '127.0.0.1');
INSERT INTO jh_article_content (content_id, article_id, seo_title, seo_keywords, seo_description, content, clientip) VALUES(6, 6, '', '', '', '联系我们', '127.0.0.1');
INSERT INTO jh_article_content (content_id, article_id, seo_title, seo_keywords, seo_description, content, clientip) VALUES(7, 7, '', '', '', '<p>\r\n	<br />\r\n</p>\r\n\r\n	亲请注意了亲，这是什么？提前爆料？江湖家居手机真的么？\r\n\r\n\r\n<p>\r\n	亲请注意了亲，这是什么？提前爆料？江湖家居手机真的么？\r\n</p>\r\n<p>\r\n	<img src="http://www.ijh.cc/data/ueditor/13211394164132.jpg" title="未命名.jpg" border="0" /> \r\n</p>\r\n<p>\r\n	<br />\r\n</p>\r\n<p>\r\n	<strong><span style="font-size:20px;">江湖只会不停的努力！选择江湖，您早晚会觉得大赚，而且真的大赚</span></strong> \r\n</p>\r\n<p>\r\n	<br />\r\n</p>', '127.0.0.1');
INSERT INTO jh_article_content (content_id, article_id, seo_title, seo_keywords, seo_description, content, clientip) VALUES(8, 8, '', '', '', '这是一篇测试的文章', '127.0.0.1');
INSERT INTO jh_article_content (content_id, article_id, seo_title, seo_keywords, seo_description, content, clientip) VALUES(9, 9, '', '', '', '<img src="http://www.zqyx.com/./attachs/photo/201403/20140312_C471FAB5B31467F57320370ABCFFFA7A.jpg?PID18" alt="" /><img src="http://www.zqyx.com/./attachs/photo/201403/20140312_3E1787092B5C7F104DFD39CFF6435762.jpg?PID19" alt="" /><img src="http://www.zqyx.com/./attachs/photo/201403/20140312_7315D758A934D605CE88512E76AEF276.jpg?PID20" alt="" />', '127.0.0.1');
INSERT INTO jh_article_content (content_id, article_id, seo_title, seo_keywords, seo_description, content, clientip) VALUES(10, 10, '', '', '', '<img src="http://www.zqyx.com/./attachs/photo/201403/20140312_8CDEFC2376ED8B5613B62E1E65E71A8A.jpg?PID22" width="700" height="467" alt="" /><img src="http://www.zqyx.com/./attachs/photo/201403/20140312_7131AC8BD3E708E945EB2B33666C0AC2.jpg?PID23" width="700" height="473" alt="" /><img src="http://www.zqyx.com/./attachs/photo/201403/20140312_9C21821E93DC3FC1885C5C3612C10F11.jpg?PID24" width="700" height="464" alt="" /><img src="http://www.zqyx.com/./attachs/photo/201403/20140312_CB0375648053A1EC1F4A40F747FBF0ED.jpg?PID25" width="700" height="699" alt="" />', '127.0.0.1');
INSERT INTO jh_article_content (content_id, article_id, seo_title, seo_keywords, seo_description, content, clientip) VALUES(11, 11, '', '', '', '<img src="http://www.zqyx.com/./attachs/photo/201403/20140312_70D96F73C76DD096280D1EBA6D4CB9E5.jpg?PID28" width="700" height="440" alt="" />', '127.0.0.1');
INSERT INTO jh_article_content (content_id, article_id, seo_title, seo_keywords, seo_description, content, clientip) VALUES(12, 12, '', '', '', '<p>\r\n	<span>&nbsp;今天是伟大党的生日，五星红旗飘扬地格外鲜艳、炫目;今天是华然的荣誉之日，锦旗传递着客户对我们的信任和感谢。</span> \r\n</p>\r\n<p style="color:#666666;font-family:宋体, ''Arial Narrow'';font-size:14px;">\r\n	<span>　　7月1日，一位科学家园的业主带着一面锦旗来到华然&amp;私享家，他对工作人员说：“感谢华然为他装饰了美好的新家，特别感谢设计师黄前胜、监理沈磊、项目经理葛基林。”面对业主的真心感谢，华然行政部杨经理代表华然企业感谢这位业主的支持，并回赠一份纪念礼品表示华然的感谢之情。</span> \r\n</p>\r\n<p style="color:#666666;font-family:宋体, ''Arial Narrow'';font-size:14px;">\r\n	<span><br />\r\n</span> \r\n</p>\r\n<p>\r\n	<img src="http://www.huaran.com.cn/upfiles/2014/01/05/f34c257a511cb076.jpg" border="0" /> \r\n</p>\r\n<p style="color:#666666;font-family:宋体, ''Arial Narrow'';font-size:14px;text-align:center;">\r\n	<span>从左到右：设计师黄前胜、科学家园业主、监理部阮经理、工程部刘经理</span> \r\n</p>\r\n<p>\r\n	<img src="http://www.huaran.com.cn/upfiles/2014/01/05/de36ea95019dccf2.jpg" border="0" /> \r\n</p>\r\n<p style="color:#666666;font-family:宋体, ''Arial Narrow'';font-size:14px;text-align:center;">\r\n	<span style="line-height:21px;">华然回赠业主送上纪念礼品以作感谢</span> \r\n</p>\r\n<p style="color:#666666;font-family:宋体, ''Arial Narrow'';font-size:14px;">\r\n	<span style="line-height:21px;">　　6月28日下午，一位手持锦旗的男士出现在华然前台：“你好!我找下你们施工管理中心。”原来，他是华润幸福里21栋1006室的业主，特意带着锦旗过来感谢华然及施工部的工作人员。</span> \r\n</p>\r\n<p style="color:#666666;font-family:宋体, ''Arial Narrow'';font-size:14px;">\r\n	<span style="line-height:21px;"><br />\r\n</span> \r\n</p>\r\n<p>\r\n	<p>\r\n		<img src="http://www.huaran.com.cn/upfiles/2014/01/05/5b3f4d33e286a43c.jpg" border="0" /> \r\n	</p>\r\n	<p>\r\n		从左到右：项目部长周先进、幸福里业主、监理部阮经理\r\n	</p>\r\n	<p>\r\n		<span style="line-height:21px;">　　一面锦旗，它涵盖了华然服务过的广大业主对华然的信任和支持，也肯定了华然为每一所房子付出的辛苦和努力，这是华然装饰与业主之间的双向信任。带着这份信任，华然会在装饰安徽的道路上，用最精湛的华派工艺打造最完美的“一家一世界”。</span> \r\n	</p>\r\n	<p>\r\n		<span style="line-height:21px;"><br />\r\n</span> \r\n	</p>\r\n	<p>\r\n		<img src="http://www.huaran.com.cn/upfiles/2014/01/05/b0289fa0b0b50b36.jpg" border="0" /> \r\n	</p>\r\n</p>', '127.0.0.1');
INSERT INTO jh_article_content (content_id, article_id, seo_title, seo_keywords, seo_description, content, clientip) VALUES(13, 13, '', '', '', '恭喜业主张先生入住家天下新装房恭喜业主张先生入住家天下新装房恭喜业主张先生入住家天下新装房恭喜业主张先生入住家天下新装房恭喜业主张先生入住家天下新装房恭喜业主张先生入住家天下新装房恭喜业主张先生入住家天下新装房恭喜业主张先生入住家天下新装房恭喜业主张先生入住家天下新装房恭喜业主张先生入住家天下新装房恭喜业主张先生入住家天下新装房恭喜业主张先生入住家天下新装房恭喜业主张先生入住家天下新装房恭喜业主张先生入住家天下新装房恭喜业主张先生入住家天下新装房恭喜业主张先生入住家天下新装房恭喜业主张先生入住家天下新装房恭喜业主张先生入住家天下新装房恭喜业主张先生入住家天下新装房恭喜业主张先生入住家天下新装房恭喜业主张先生入住家天下新装房恭喜业主张先生入住家天下新装房恭喜业主张先生入住家天下新装房恭喜业主张先生入住家天下新装房恭喜业主张先生入住家天下新装房恭喜业主张先生入住家天下新装房恭喜业主张先生入住家天下新装房恭喜业主张先生入住家天下新装房恭喜业主张先生入住家天下新装房恭喜业主张先生入住家天下新装房恭喜业主张先生入住家天下新装房恭喜业主张先生入住家天下新装房恭喜业主张先生入住家天下新装房恭喜业主张先生入住家天下新装房恭喜业主张先生入住家天下新装房恭喜业主张先生入住家天下新装房恭喜业主张先生入住家天下新装房恭喜业主张先生入住家天下新装房恭喜业主张先生入住家天下新装房恭喜业主张先生入住家天下新装房恭喜业主张先生入住家天下新装房', '127.0.0.1');
INSERT INTO jh_article_content (content_id, article_id, seo_title, seo_keywords, seo_description, content, clientip) VALUES(14, 14, '', '', '', '<p style="color:#7D7C7C;font-family:''Microsoft Yahei'', 宋体, ''Arial Narrow'';font-size:14px;text-indent:30px;background-color:#FFFFFF;">\r\n	合肥江湖信息科技有限公司是江湖家居装修装饰系统和江湖婚庆婚嫁门户系统 唯一官方机构！成立于2012年10月，目前旗下有<strong>家居装修装饰系统</strong>和<strong>婚庆门户系统</strong>。企业正以稳步的发展速度日益壮大，我们以诚心的态度做好装修系统， 我们团队都是来自上海大型网络公司，以专业的技术确保每一个产品的质量。<a href="http://www.ijh.cc/">www.ijh.cc</a>为官方唯一域名！我们会不断的努力将程序做的越来越好，不做二流技术服务公司，我们做的不仅仅是模板，更是一个大联盟，我们不断的努力和商友们一起战斗！\r\n</p>\r\n<p style="color:#7D7C7C;font-family:''Microsoft Yahei'', 宋体, ''Arial Narrow'';font-size:14px;text-indent:30px;background-color:#FFFFFF;">\r\n	立足于互联网蓬勃发展的趋势，我们为广大商户提供全方位专业服务，致力于研发目前国内最专业、功能最强大，扩展性能最自由灵活的高端行业地方门户通用系统，已在行业领域占领一席之地。随着市场建站需求越来越多，并且大多数客户都面临一个建站花费代价昂贵的难题，我们的出现为大家解决了这个难题，你只要花费相对于请人建站十分之一的支出，购买本公司程序的商业使用授权直接运用或是进行二次开发，就可轻松并且在极短的时间内建成一家方方面面具备，竞争性超强，功能超强大的地方门户型网站。\r\n</p>\r\n<p style="color:#7D7C7C;font-family:''Microsoft Yahei'', 宋体, ''Arial Narrow'';font-size:14px;text-indent:30px;background-color:#FFFFFF;">\r\n	<br />\r\n</p>\r\n<p style="color:#7D7C7C;font-family:''Microsoft Yahei'', 宋体, ''Arial Narrow'';font-size:14px;text-indent:30px;background-color:#FFFFFF;">\r\n	喜欢这个系统的报名吧\r\n</p>', '127.0.0.1');
INSERT INTO jh_article_content (content_id, article_id, seo_title, seo_keywords, seo_description, content, clientip) VALUES(15, 15, '', '', '', '江湖裝企优惠活动江湖裝企优惠活动江湖裝企优惠活动江湖裝企优惠活动江湖裝企优惠活动江湖裝企优惠活动江湖裝企优惠活动江湖裝企优惠活动江湖裝企优惠活动江湖裝企优惠活动江湖裝企优惠活动江湖裝企优惠活动江湖裝企优惠活动江湖裝企优惠活动江湖裝企优惠活动江湖裝企优惠活动江湖裝企优惠活动江湖裝企优惠活动江湖裝企优惠活动江湖裝企优惠活动江湖裝企优惠活动江湖裝企优惠活动江湖裝企优惠活动江湖裝企优惠活动江湖裝企优惠活动江湖裝企优惠活动江湖裝企优惠活动江湖裝企优惠活动江湖裝企优惠活动江湖裝企优惠活动江湖裝企优惠活动江湖裝企优惠活动江湖裝企优惠活动江湖裝企优惠活动江湖裝企优惠活动江湖裝企优惠活动江湖裝企优惠活动江湖裝企优惠活动江湖裝企优惠活动江湖裝企优惠活动江湖裝企优惠活动江湖裝企优惠活动江湖裝企优惠活动江湖裝企优惠活动江湖裝企优惠活动江湖裝企优惠活动江湖裝企优惠活动江湖裝企优惠活动江湖裝企优惠活动江湖裝企优惠活动江湖裝企优惠活动江湖裝企优惠活动江湖裝企优惠活动江湖裝企优惠活动江湖裝企优惠活动江湖裝企优惠活动江湖裝企优惠活动江湖裝企优惠活动江湖裝企优惠活动江湖裝企优惠活动江湖裝企优惠活动江湖裝企优惠活动江湖裝企优惠活动江湖裝企优惠活动江湖裝企优惠活动江湖裝企优惠活动江湖裝企优惠活动江湖裝企优惠活动江湖裝企优惠活动江湖裝企优惠活动江湖裝企优惠活动江湖裝企优惠活动江湖裝企优惠活动江湖裝企优惠活动江湖裝企优惠活动江湖裝企优惠活动江湖裝企优惠活动', '127.0.0.1');
INSERT INTO jh_article_content (content_id, article_id, seo_title, seo_keywords, seo_description, content, clientip) VALUES(16, 16, '', '', '', '签约流程', '127.0.0.1');
INSERT INTO jh_article_content (content_id, article_id, seo_title, seo_keywords, seo_description, content, clientip) VALUES(17, 17, '', '', '', '合同范本', '127.0.0.1');
INSERT INTO jh_article_content (content_id, article_id, seo_title, seo_keywords, seo_description, content, clientip) VALUES(18, 18, '', '', '', '装修预算', '127.0.0.1');
INSERT INTO jh_article_content (content_id, article_id, seo_title, seo_keywords, seo_description, content, clientip) VALUES(19, 19, '', '', '', '装修准备', '127.0.0.1');
INSERT INTO jh_data_attr (attr_id, title, from_id, multi, filter, orderby) VALUES(1, '职位', 1, 'N', 'Y', 50);
INSERT INTO jh_data_attr (attr_id, title, from_id, multi, filter, orderby) VALUES(2, '经验', 1, 'N', 'Y', 50);
INSERT INTO jh_data_attr (attr_id, title, from_id, multi, filter, orderby) VALUES(3, '风格', 2, 'N', 'Y', 50);
INSERT INTO jh_data_attr (attr_id, title, from_id, multi, filter, orderby) VALUES(4, '价格', 2, 'N', 'Y', 50);
INSERT INTO jh_data_attr_from (from_id, `from`, title) VALUES(2, 'zx:case', '效果图');
INSERT INTO jh_data_attr_from (from_id, `from`, title) VALUES(1, 'zx:designer', '设计师');
insert  into `jh_data_attr_value`(`attr_value_id`,`attr_id`,`title`,`orderby`) values (27,5,'10年以上',50);
insert  into `jh_data_attr_value`(`attr_value_id`,`attr_id`,`title`,`orderby`) values (26,5,'5~10年',50);
insert  into `jh_data_attr_value`(`attr_value_id`,`attr_id`,`title`,`orderby`) values (25,5,'3~5年',50);
insert  into `jh_data_attr_value`(`attr_value_id`,`attr_id`,`title`,`orderby`) values (24,5,'1~3年',50);
insert  into `jh_data_attr_value`(`attr_value_id`,`attr_id`,`title`,`orderby`) values (7,2,'0-1年',50);
insert  into `jh_data_attr_value`(`attr_value_id`,`attr_id`,`title`,`orderby`) values (8,2,'1-3年',50);
insert  into `jh_data_attr_value`(`attr_value_id`,`attr_id`,`title`,`orderby`) values (9,2,'3-5年',50);
insert  into `jh_data_attr_value`(`attr_value_id`,`attr_id`,`title`,`orderby`) values (10,2,'5-8年',50);
insert  into `jh_data_attr_value`(`attr_value_id`,`attr_id`,`title`,`orderby`) values (11,2,'8年以上',50);
insert  into `jh_data_attr_value`(`attr_value_id`,`attr_id`,`title`,`orderby`) values (12,3,'欧美',50);
insert  into `jh_data_attr_value`(`attr_value_id`,`attr_id`,`title`,`orderby`) values (13,3,'日韩',50);
insert  into `jh_data_attr_value`(`attr_value_id`,`attr_id`,`title`,`orderby`) values (14,3,'田园',50);
insert  into `jh_data_attr_value`(`attr_value_id`,`attr_id`,`title`,`orderby`) values (15,3,'古典',50);
insert  into `jh_data_attr_value`(`attr_value_id`,`attr_id`,`title`,`orderby`) values (16,3,'现代',50);
insert  into `jh_data_attr_value`(`attr_value_id`,`attr_id`,`title`,`orderby`) values (17,4,'1-3万',50);
insert  into `jh_data_attr_value`(`attr_value_id`,`attr_id`,`title`,`orderby`) values (18,4,'3-5万',50);
insert  into `jh_data_attr_value`(`attr_value_id`,`attr_id`,`title`,`orderby`) values (19,4,'5-8万',50);
insert  into `jh_data_attr_value`(`attr_value_id`,`attr_id`,`title`,`orderby`) values (20,4,'8-15万',50);
insert  into `jh_data_attr_value`(`attr_value_id`,`attr_id`,`title`,`orderby`) values (21,4,'15-20万',50);
insert  into `jh_data_attr_value`(`attr_value_id`,`attr_id`,`title`,`orderby`) values (22,4,'20-50万',50);
insert  into `jh_data_attr_value`(`attr_value_id`,`attr_id`,`title`,`orderby`) values (23,4,'50万以上',50);
insert  into `jh_cate`(`cate_id`,`cate_name`,`from`,`orderby`) values (10,'普通设计师','designer',50);
insert  into `jh_cate`(`cate_id`,`cate_name`,`from`,`orderby`) values (11,'高级设计师','designer',50);
insert  into `jh_cate`(`cate_id`,`cate_name`,`from`,`orderby`) values (13,'总部','team',1);
insert  into `jh_cate`(`cate_id`,`cate_name`,`from`,`orderby`) values (15,'普通项目经理','manager',50);
insert  into `jh_cate`(`cate_id`,`cate_name`,`from`,`orderby`) values (16,'明星项目经理','manager',50);
insert  into `jh_decorate_package`(`package_id`,`title`,`face_pic`,`htmls`,`orderby`) values (1,'688乐居套餐','photo/201501/20150124_1FA36F042D21A96F14085C990B547C76.jpg','<p>\r\n	<img src=\"/./attachs/photo/201501/20150124_214A59D8AF955B08FDEEA1D443CA26CC.jpg?PID272\" alt=\"\" />\r\n</p>\r\n<p>\r\n	<img src=\"/./attachs/photo/201501/20150124_18692D81415F52BDBE8D05629D3AEA8A.jpg?PID273\" alt=\"\" /><img src=\"http://www.zqyx.com/./attachs/photo/201405/20140510_9DEC7AF03999BE91ADCBE70F43234A74.jpg?PID75\" alt=\"\" /><img src=\"http://www.zqyx.com/./attachs/photo/201405/20140510_E3F524F51B0605B4D5DC3BAC8CD75BD9.jpg?PID76\" alt=\"\" /><img src=\"http://www.zqyx.com/./attachs/photo/201405/20140510_0F11F8A27F16BD48424934D06A5FAC99.jpg?PID77\" alt=\"\" /><img src=\"http://www.zqyx.com/./attachs/photo/201405/20140510_276B3577D34C87EE5E0341922B1ABF4F.jpg?PID78\" alt=\"\" /><img src=\"http://www.zqyx.com/./attachs/photo/201405/20140510_3058597C38492AFB3E619C58786D8CA4.jpg?PID79\" alt=\"\" /><img src=\"http://www.zqyx.com/./attachs/photo/201405/20140510_AC8A7904A430C27AB5F62C7531ED639D.jpg?PID80\" alt=\"\" /><img src=\"http://www.zqyx.com/./attachs/photo/201405/20140510_C79CAB127AD986F203F331E5B6D7C309.jpg?PID81\" alt=\"\" /><img src=\"http://www.zqyx.com/./attachs/photo/201405/20140510_D71F1F592D8F97CBCAB88AFF47D1BE07.jpg?PID82\" alt=\"\" />\r\n</p>',2);
insert  into `jh_decorate_package`(`package_id`,`title`,`face_pic`,`htmls`,`orderby`) values (2,'388即住套餐','photo/201501/20150124_2322E460BA84DAF66EC196F8E56E3D5B.jpg','<p>\r\n	<img src=\"/./attachs/photo/201501/20150124_1CB5AAE622D7543837D592E67B61848B.jpg?PID267\" alt=\"\" />\r\n</p>\r\n<p>\r\n	<img src=\"/./attachs/photo/201501/20150124_FDDE3944B177694F3674621567E7C225.jpg?PID268\" alt=\"\" />\r\n</p>\r\n<p>\r\n	<img src=\"http://www.zqyx.com/./attachs/photo/201405/20140510_9688FDFBA6F60C3FE30F6EBDDC8230E7.jpg?PID101\" alt=\"\" /><img src=\"http://www.zqyx.com/./attachs/photo/201405/20140510_EFD66F1E95B58FCE2283A99F49447F0E.jpg?PID86\" alt=\"\" /><img src=\"http://www.zqyx.com/./attachs/photo/201405/20140510_9B9C7631C1DC8A16DC77C9AC7FFEC1D9.jpg?PID87\" alt=\"\" /><img src=\"http://www.zqyx.com/./attachs/photo/201405/20140510_9383ECECE389C35C43FA90785A4C69E9.jpg?PID88\" alt=\"\" /><img src=\"http://www.zqyx.com/./attachs/photo/201405/20140510_8D291AF0C222F3F6F5B6615988305E26.jpg?PID89\" alt=\"\" /><img src=\"http://www.zqyx.com/./attachs/photo/201405/20140510_AF44D7FCB194632DAEE25F763425052B.jpg?PID90\" alt=\"\" /> \r\n</p>\r\n<p>\r\n	<img src=\"http://www.zqyx.com/./attachs/photo/201405/20140510_845D98E6BC53D2EF83CA59438C5FC006.jpg?PID102\" alt=\"\" /><img src=\"http://www.zqyx.com/./attachs/photo/201405/20140510_50DA86D7155A953DA2EDE71E0E7A84F1.jpg?PID91\" alt=\"\" /> \r\n</p>',1);
insert  into `jh_decorate_package`(`package_id`,`title`,`face_pic`,`htmls`,`orderby`) values (3,'988豪华套餐','photo/201501/20150124_8234AB99506150DA30888B1A6CCC396B.jpg','<p>\r\n	<img src=\"/./attachs/photo/201501/20150124_0549533536EDFE85012BBEBAE13B3500.jpg?PID274\" alt=\"\" />\r\n</p>\r\n<p>\r\n	<img src=\"/./attachs/photo/201501/20150124_AC0759C5DF4D5688742D63D09A866496.jpg?PID275\" alt=\"\" /><img src=\"http://www.zqyx.com/./attachs/photo/201405/20140510_B3D5FFAD81A4F9166C84CB5AEF6235D7.jpg?PID103\" alt=\"\" /><img src=\"http://www.zqyx.com/./attachs/photo/201405/20140510_BE283DED80E0C891F1966483C0D1760F.jpg?PID94\" alt=\"\" /><img src=\"http://www.zqyx.com/./attachs/photo/201405/20140510_915F0A1F82D9D66897A4E0A810D82B5A.jpg?PID95\" alt=\"\" /><img src=\"http://www.zqyx.com/./attachs/photo/201405/20140510_22F11EB3359227098563C226891B630B.jpg?PID96\" alt=\"\" /><img src=\"http://www.zqyx.com/./attachs/photo/201405/20140510_65D11F1288966142A14BE9BDE4E613F0.jpg?PID97\" alt=\"\" /><img src=\"http://www.zqyx.com/./attachs/photo/201405/20140510_4B95A72467BDB9E9BE2517BB1713A599.jpg?PID98\" alt=\"\" /> \r\n</p>\r\n<p>\r\n	<img src=\"http://www.zqyx.com/./attachs/photo/201405/20140510_4385BC72C429FDCA1D7830F32CE4CB87.jpg?PID104\" alt=\"\" /><img src=\"http://www.zqyx.com/./attachs/photo/201405/20140510_F37267D5DF4287DD235D77C939A37EFA.jpg?PID99\" alt=\"\" /> \r\n</p>',3);
INSERT INTO jh_links (link_id, title, link, logo, `desc`, audit, closed, dateline) VALUES(1, '江湖家居', 'http://www.ijh.cc', '', '江湖家居', 1, 0, 1387787545);
INSERT INTO jh_links (link_id, title, link, logo, `desc`, audit, closed, dateline) VALUES(2, '江湖婚庆', 'http://www.ijh.cc', '', '', 0, 0, 1396590006);
insert  into `jh_system_config`(`k`,`v`,`title`,`dateline`) values ('attach','a:16:{s:3:\"dir\";s:9:\"./attachs\";s:3:\"url\";s:9:\"./attachs\";s:10:\"allow_exts\";s:16:\"jpg,gif,png,jpeg\";s:10:\"allow_size\";s:4:\"2048\";s:13:\"watermarktype\";s:3:\"png\";s:13:\"watermarktext\";a:4:{s:4:\"font\";s:8:\"cyzt.ttf\";s:4:\"size\";s:2:\"14\";s:5:\"color\";s:7:\"#000000\";s:4:\"text\";s:7:\"@{name}\";}s:15:\"watermarkstatus\";s:1:\"9\";s:16:\"watermarkquality\";s:2:\"90\";s:12:\"thumbquality\";s:2:\"90\";s:5:\"thumb\";s:3:\"200\";s:9:\"casephoto\";a:3:{s:5:\"photo\";s:3:\"720\";s:5:\"thumb\";s:7:\"390X310\";s:5:\"small\";s:7:\"200X200\";}s:4:\"team\";a:2:{s:5:\"thumb\";s:7:\"300X400\";s:5:\"small\";s:7:\"200X200\";}s:4:\"tuan\";a:2:{s:5:\"thumb\";s:7:\"300X400\";s:5:\"small\";s:7:\"210X280\";}s:4:\"site\";a:1:{s:5:\"photo\";s:7:\"350X280\";}s:7:\"product\";a:1:{s:5:\"photo\";s:3:\"200\";}s:6:\"editor\";a:2:{s:5:\"photo\";s:4:\"1000\";s:5:\"thumb\";s:3:\"200\";}}','附件设置',1417002858);
insert  into `jh_system_config`(`k`,`v`,`title`,`dateline`) values ('config','a:2:{s:4:\"hash\";s:8360:\"6956424F5277304B47676F414141414E535568455567414141483041414141744341594141414344446D545341414141475852465748525462325A30643246795A5142425A4739695A53424A6257466E5A564A6C5957523563636C6C5041414141794270564668305745314D4F6D4E76625335685A4739695A53353462584141414141414144772F654842685932746C644342695A576470626A30693737752F496942705A443069567A564E4D4531775132566F61556836636D5654656B355559337072597A6C6B496A382B494478344F6E68746347316C6447456765473173626E4D366544306959575276596D5536626E4D366257563059533869494867366547317764477339496B466B62324A6C4946684E5543424462334A6C494455754D43316A4D445977494459784C6A457A4E4463334E7977674D6A41784D4338774D6938784D6930784E7A6F7A4D6A6F774D4341674943416749434167496A346750484A6B5A6A70535245596765473173626E4D36636D526D50534A6F644852774F693876643364334C6E637A4C6D39795A7938784F546B354C7A41794C7A49794C584A6B5A69317A6557353059586774626E4D6A496A346750484A6B5A6A70455A584E6A636D6C7764476C76626942795A47593659574A76645851394969496765473173626E4D366547317750534A6F644852774F693876626E4D7559575276596D5575593239744C336868634338784C6A41764969423462577875637A70346258424E545430696148523063446F764C32357A4C6D466B62324A6C4C6D4E7662533934595841764D5334774C3231744C79496765473173626E4D36633352535A575939496D6830644841364C793975637935685A4739695A53356A62323076654746774C7A45754D43397A56486C775A5339535A584E7664584A6A5A564A6C5A694D694948687463447044636D566864473979564739766244306951575276596D5567554768766447397A6147397749454E544E5342586157356B6233647A496942346258424E5454704A626E4E305957356A5A556C4550534A346258417561576C6B4F6B55334D3055784E5459354D4449314D7A457852544D344D554933516A46475154597A4D304E474E54597A496942346258424E5454704562324E316257567564456C4550534A34625841755A476C6B4F6B55334D3055784E545A424D4449314D7A457852544D344D554933516A46475154597A4D304E474E54597A496A3467504868746345314E4F6B526C636D6C325A575247636D397449484E30556D566D4F6D6C7563335268626D4E6C53555139496E687463433570615751365254637A525445314E6A63774D6A557A4D5446464D7A6778516A64434D555A424E6A4D7A513059314E6A4D6949484E30556D566D4F6D5276593356745A57353053555139496E68746343356B615751365254637A525445314E6A67774D6A557A4D5446464D7A6778516A64434D555A424E6A4D7A513059314E6A4D694C7A3467504339795A4759365247567A59334A70634852706232342B49447776636D526D4F6C4A45526A3467504339344F6E68746347316C6447452B4944772F654842685932746C6443426C626D5139496E4969507A3637555966634141414973306C455156523432757963435778555652534737394253704341574B6367715167566B4559774C6771675246526663514E77696F6B614A476F4F4345414B4B454E53344C776949714B43345339474943305A6C55304645525648454254634552634343624E307330426E50795879547555376554476435725A33704F386B665A715A33376E74392F7A336E2F4F666357337942514D4234567265736E766349504E493971774F5737665468707930364C704A2F7567744B424B483466364267676D424F457466704C356774714C546D79784E4D45647A482B317A42564D4641727175574A64677347437A34323658662B5148426C594C6476506478543663497471517A6D58324B316964504F6F53336376673850386E37306539316450693870665736767143396F4858456D4F61434269343946795734726541515946754475754C7030634C376E69696637302F794F6E756A6646345A4D66632B687A4737557268757041556972686B7966355450367854705070657645306A524F394D3566576F61797947534A4B4B686369496963564E425A794B692B7A6E64737971745144444D656E34484343714961493073687970414F3477426D6C71755A6B777246725366434A654E686A466F69387346707775755A5137564F6A634A7A6955715855737139494F66304530653664566B536C4B7834414C4262344C56676D50514A4F3944666E394536445245714936355158417933766F59337277586B56784247744D46385A54674C6347744546384D3259634C68677132436B594B31676932735A412B396B69765874744346644F485A2F6763336A684F734A44586C776B32436A62786E666459454630456379464E506251584663564D5153454C5142665348337A6E43464A45415A4867524261514C6F345A6771386850653677373547656E4A306D6D43676F6F3953635473376542664768614B4135654A35674F4A4667752B424651536D457170587A37317242523959312B754C397A374D414E4C5350596E354E4854634B7A684A305A66772F48756E56613430463751526E514C6147315256346279346575524E767635586E6E45756531716A776854565845367350596C734A65587768704A636A695064772F517036437A7572714A4138306C32796475545338594B444254305156354E3570714671705A6D675348437334485842434D4751434E49445553716364594950436576614E376D436E6F55756F70645A57453879626F6B6C4944335371386D576B713956694E30702B453777454747335067547551356A5651316D586F514F614A4341575A3050305145546934344B4C5341586C7A4E553030624C59497A303557774D47556A6239535A342F694964665A676D725279444A494D4B557141666A764D346F7776347977537242766554362B6F542F3639415242703251556E5047733672744A4254336C3552515778427068586A34554A523371655667787A4457746C416E30422F78755771464671687A5031476C6B516E7646655251447437442B4E784D496A3151432B63376E5470374A74366D684A354E6E6A3059676155352F427A4272337A6E65484C384E31616E7271455645587A776B516668756C665267667A7649304963537268767866632B45587A5039373253725970636D597070447531484C746664794A6155583770622B424C50564A73793879476E495648675849685A5338672F6A43695154376C316965426F76486B444B554A562B6C6551337078726170672F4370337743796B6A4951644F42394C56632B36694A4D6C4B5952342F586E35696976657A682F745251716579434A5338682F464B62636B6542346B5863392B6643546F4A6E6F5845504479336B6B553446652F4F73577075726345585543573853636374744F6855775539423155394135622B61536151334A6F54574671753069486D47686F7432335971744D51735164666C34614448452F5955487678584864565A796A5A416D4B4C49453233693067597249735A527432377A775876326D2F66546C4D58362B472F7961355078626F337865616932457A53416838306833787A547474454773395351482B2F432B5A6554666B67546E31507A666D547A666C66546B4939392F79707756796478734F704475783674533356635057436F3478385837302F7738686B35625163546341547A324D334C77736A6A6E624D2B633535746739363965784A792F6D324158376C4772423542527043766877784651716478764A62684E634B5A4C3936596B7A7A4C42625653316E386E6E4A64787244387137515361344933647A48494A4C782B6E57367047385830325673426552714C582B71594A7271434B4757794976593067764A357756755454664D4A666D3055375A45784375432F4A75453978523232434E30584B744E2B57636B6A6B643062637978694A365774414E62353473654463697636757748574343323746643642634D5355513770454E7A7875336A556765344E4D38497646684C726B6D51734D46687758364556796F706568687A5A49773578304C344473624E635242304A66514164477456643968363862706A4A70466547303037613166772B6732384C5A62394948694E31307071573463783355674461724F5A4E35597449712B7261542F2B6C4E6F57336E305A527271325634394149377874346A744A4F34327846535A38357436327755534362656943654777636A5A31792B675731697653444D6F7A30546B544A55506B556A315656552F65306F734B33636336354869526B4E5258656D325559366145393742304F6554775A613244432B2B786254666730544C5659545A462B574977794B74314D6857432B31554E77347738783871786F754C2B3666344761494C304A3559715437557044306A556E6C3771735638704E2B49436B79515453727A6242566D4B6B3653624539326C49656F4377486C7251725632596334384A2F796D5A6274446B70697670326F3638586E4248464D476F4175547A4E4D3370577932437569547776577A6746423143352B50316F455337424B71696248697339332B51376D4F46366731664B486A424250764E655648477A7A644A37424456456C744F616455306766705939396631464B73656F476A7638504F6C704137645A446B687A6A6E314C487768356542464E5647797153635070337A52666439474E42303649647761782F6975486A61596C51626B617175314F7753764E2B476A567039547170316E676D31645863437234346836326A50586B374F5448635973354764484D3361523566314F316F5A783274545263335172616F4A304C544F754D73486563694B6D44334253476E693552693039665871704352353348686E7859505641596A385450707173326D56646C416734326F6F494C31716177445956682F634C586A48424C567074757478676E413948364C314E685042396647392B545A44754E346B664D7452636549734A62694C556468764751382B69524E4E652B306F54507257716E71363938686D51744A685157326A436634335346636359514370645243694F5A7270686F7A747A453069522B6C722F4975596436376F614366516B55562F65617871646D3867766C6831446F6361725A4F4E644942712B376A54526435685376556171696A7A534F70762F6E736C7235694441394C6855475637664159386537544458667367627A2F6859707566766444763564753768627542552F6378454B42733353473855682F4372536A4671324E6B4F79664D67665763566F6A4972536A5045546348704E466557772B63616A6654736575692F4B666B71536A4E704C6C36764278354F516F5346446C4C6F6D6267503850444663524165656D355447542B492B5871623843455131526136632F63323139336E46756D62574E6E466C68646F54567269554B2B57574D304B502B383349745A556B61364B73776E6A5A373479457A356B4744704F3747626E626A6371655A655663774D4F6E62416C654A76757076316F676E766830577744595675397552574C794D647A325779534F39623048564165576C7233716F35545A4649347975337A2F765041756D666566727048756D6365365A356C705030727741444766685A7833374E41374141414141424A52553545726B4A6767673D3D\";s:4:\"host\";s:132:\"687474703A2F2F77777725732E696A682E63632F696E6465782E7068703F63746C3D6C697374656E26686F73743D2573266B65793D25732676657273696F6E3D2573\";}','系统设置',NULL);
insert  into `jh_system_config`(`k`,`v`,`title`,`dateline`) values ('mail','a:4:{s:6:\"sender\";s:15:\"shzhrui@126.com\";s:4:\"mode\";s:4:\"mail\";s:4:\"smtp\";a:4:{s:4:\"host\";s:0:\"\";s:4:\"port\";s:0:\"\";s:5:\"uname\";s:0:\"\";s:6:\"passwd\";s:0:\"\";}s:5:\"email\";s:16:\"330680860@qq.com\";}','邮件设置',1389170720);
insert  into `jh_system_config`(`k`,`v`,`title`,`dateline`) values ('sms','a:5:{s:5:\"comid\";s:4:\"1345\";s:9:\"smsnumber\";s:5:\"10690\";s:5:\"uname\";s:6:\"test15\";s:6:\"passwd\";s:6:\"151515\";s:6:\"mobile\";s:11:\"18905691229\";}','短信设置',1419213199);
insert  into `jh_system_config`(`k`,`v`,`title`,`dateline`) values ('site_config','a:2:{s:4:\"hash\";s:8360:\"6956424F5277304B47676F414141414E535568455567414141483041414141744341594141414344446D545341414141475852465748525462325A30643246795A5142425A4739695A53424A6257466E5A564A6C5957523563636C6C5041414141794270564668305745314D4F6D4E76625335685A4739695A53353462584141414141414144772F654842685932746C644342695A576470626A30693737752F496942705A443069567A564E4D4531775132566F61556836636D5654656B355559337072597A6C6B496A382B494478344F6E68746347316C6447456765473173626E4D366544306959575276596D5536626E4D366257563059533869494867366547317764477339496B466B62324A6C4946684E5543424462334A6C494455754D43316A4D445977494459784C6A457A4E4463334E7977674D6A41784D4338774D6938784D6930784E7A6F7A4D6A6F774D4341674943416749434167496A346750484A6B5A6A70535245596765473173626E4D36636D526D50534A6F644852774F693876643364334C6E637A4C6D39795A7938784F546B354C7A41794C7A49794C584A6B5A69317A6557353059586774626E4D6A496A346750484A6B5A6A70455A584E6A636D6C7764476C76626942795A47593659574A76645851394969496765473173626E4D366547317750534A6F644852774F693876626E4D7559575276596D5575593239744C336868634338784C6A41764969423462577875637A70346258424E545430696148523063446F764C32357A4C6D466B62324A6C4C6D4E7662533934595841764D5334774C3231744C79496765473173626E4D36633352535A575939496D6830644841364C793975637935685A4739695A53356A62323076654746774C7A45754D43397A56486C775A5339535A584E7664584A6A5A564A6C5A694D694948687463447044636D566864473979564739766244306951575276596D5567554768766447397A6147397749454E544E5342586157356B6233647A496942346258424E5454704A626E4E305957356A5A556C4550534A346258417561576C6B4F6B55334D3055784E5459354D4449314D7A457852544D344D554933516A46475154597A4D304E474E54597A496942346258424E5454704562324E316257567564456C4550534A34625841755A476C6B4F6B55334D3055784E545A424D4449314D7A457852544D344D554933516A46475154597A4D304E474E54597A496A3467504868746345314E4F6B526C636D6C325A575247636D397449484E30556D566D4F6D6C7563335268626D4E6C53555139496E687463433570615751365254637A525445314E6A63774D6A557A4D5446464D7A6778516A64434D555A424E6A4D7A513059314E6A4D6949484E30556D566D4F6D5276593356745A57353053555139496E68746343356B615751365254637A525445314E6A67774D6A557A4D5446464D7A6778516A64434D555A424E6A4D7A513059314E6A4D694C7A3467504339795A4759365247567A59334A70634852706232342B49447776636D526D4F6C4A45526A3467504339344F6E68746347316C6447452B4944772F654842685932746C6443426C626D5139496E4969507A3637555966634141414973306C455156523432757963435778555652534737394253704341574B6367715167566B4559774C6771675246526663514E77696F6B614A476F4F4345414B4B454E53344C776949714B43345339474943305A6C55304645525648454254634552634343624E307330426E50795879547555376554476435725A33704F386B665A715A33376E74392F7A336E2F4F666357337942514D4234567265736E766349504E493971774F5737665468707930364C704A2F7567744B424B483466364267676D424F457466704C356774714C546D79784E4D45647A482B317A42564D4641727175574A64677347437A34323658662B5148426C594C6476506478543663497471517A6D58324B316964504F6F53336376673850386E37306539316450693870665736767143396F4858456D4F61434269343946795734726541515946754475754C7030634C376E69696637302F794F6E756A6646345A4D66632B687A4737557268757041556972686B7966355450367854705070657645306A524F394D3566576F61797947534A4B4B686369496963564E425A794B692B7A6E64737971745144444D656E34484343714961493073687970414F3477426D6C71755A6B777246725366434A654E686A466F69387346707775755A5137564F6A634A7A6955715855737139494F66304530653664566B536C4B7834414C4262344C56676D50514A4F3944666E394536445245714936355158417933766F59337277586B56784247744D46385A54674C6347744546384D3259634C68677132436B594B31676932735A412B396B69765874744346644F485A2F6763336A684F734A44586C776B32436A62786E666459454630456379464E506251584663564D5153454C5142665348337A6E43464A45415A4867524261514C6F345A6771386850653677373547656E4A306D6D43676F6F3953635473376542664768614B4135654A35674F4A4667752B424651536D457170587A37317242523959312B754C397A374D414E4C5350596E354E4854634B7A684A305A66772F48756E56613430463751526E514C6147315256346279346575524E767635586E6E45756531716A776854565845367350596C734A65587768704A636A695064772F517036437A7572714A4138306C32796475545338594B444254305156354E3570714671705A6D675348437334485842434D4751434E49445553716364594950436576614E376D436E6F55756F70645A57453879626F6B6C4944335371386D576B713956694E30702B453777454747335067547551356A5651316D586F514F614A4341575A3050305145546934344B4C5341586C7A4E553030624C59497A303557774D47556A6239535A342F694964665A676D725279444A494D4B557141666A764D346F7776347977537242766554362B6F542F3639415242703251556E5047733672744A4254336C3552515778427068586A34554A523371655667787A4457746C416E30422F78755771464671687A5031476C6B516E7646655251447437442B4E784D496A3151432B63376E5470374A74366D684A354E6E6A3059676155352F427A4272337A6E65484C384E31616E7271455645587A776B516668756C665267667A7649304963537268767866632B45587A5039373253725970636D597070447531484C746664794A6155583770622B424C50564A73793879476E495648675849685A5338672F6A43695154376C316965426F76486B444B554A562B6C6551337078726170672F4370337743796B6A4951644F42394C56632B36694A4D6C4B5952342F586E35696976657A682F745251716579434A5338682F464B62636B6542346B5863392B6643546F4A6E6F5845504479336B6B553446652F4F73577075726345585543573853636374744F6855775539423155394135622B61536151334A6F54574671753069486D47686F7432335971744D51735164666C34614448452F5955487678584864565A796A5A416D4B4C49453233693067597249735A527432377A775876326D2F66546C4D58362B472F7961355078626F337865616932457A53416838306833787A547474454773395351482B2F432B5A6554666B67546E31507A666D547A666C66546B4939392F79707756796478734F704475783674533356635057436F3478385837302F7738686B35625163546341547A324D334C77736A6A6E624D2B633535746739363965784A792F6D324158376C4772423542527043766877784651716478764A62684E634B5A4C3936596B7A7A4C42625653316E386E6E4A64787244387137515361344933647A48494A4C782B6E57367047385830325673426552714C582B71594A7271434B4757794976593067764A357756755454664D4A666D3055375A45784375432F4A75453978523232434E30584B744E2B57636B6A6B643062637978694A365774414E62353473654463697636757748574343323746643642634D5355513770454E7A7875336A556765344E4D38497646684C726B6D51734D46687758364556796F706568687A5A49773578304C344473624E635242304A66514164477456643968363862706A4A70466547303037613166772B6732384C5A62394948694E31307071573463783355674461724F5A4E35597449712B7261542F2B6C4E6F57336E305A527271325634394149377874346A744A4F34327846535A38357436327755534362656943654777636A5A31792B675731697653444D6F7A30546B544A55506B556A315656552F65306F734B33636336354869526B4E5258656D325559366145393742304F6554775A613244432B2B786254666730544C5659545A462B574977794B74314D6857432B31554E77347738783871786F754C2B3666344761494C304A3559715437557044306A556E6C3771735638704E2B49436B79515453727A6242566D4B6B3653624539326C49656F4377486C7251725632596334384A2F796D5A6274446B70697670326F3638586E4248464D476F4175547A4E4D3370577932437569547776577A6746423143352B50316F455337424B71696248697339332B51376D4F46366731664B486A424250764E655648477A7A644A37424456456C744F616455306766705939396631464B73656F476A7638504F6C704137645A446B687A6A6E314C487768356542464E5647797153635070337A52666439474E42303649647761782F6975486A61596C51626B617175314F7753764E2B476A567039547170316E676D31645863437234346836326A50586B374F5448635973354764484D3361523566314F316F5A783274545263335172616F4A304C544F754D73486563694B6D44334253476E693552693039665871704352353348686E7859505641596A385450707173326D56646C416734326F6F494C31716177445956682F634C586A48424C567074757478676E413948364C314E685042396647392B545A44754E346B664D7452636549734A62694C556468764751382B69524E4E652B306F54507257716E71363938686D51744A685157326A436634335346636359514370645243694F5A7270686F7A747A453069522B6C722F4975596436376F614366516B55562F65617871646D3867766C6831446F6361725A4F4E644942712B376A54526435685376556171696A7A534F70762F6E736C7235694441394C6855475637664159386537544458667367627A2F6859707566766444763564753768627542552F6378454B42733353473855682F4372536A4671324E6B4F79664D67665763566F6A4972536A5045546348704E466557772B63616A6654736575692F4B666B71536A4E704C6C36764278354F516F5346446C4C6F6D6267503850444663524165656D355447542B492B5871623843455131526136632F63323139336E46756D62574E6E466C68646F54567269554B2B57574D304B502B383349745A556B61364B73776E6A5A373479457A356B4744704F3747626E626A6371655A655663774D4F6E62416C654A76757076316F676E766830577744595675397552574C794D647A325779534F39623048564165576C7233716F35545A4649347975337A2F765041756D666566727048756D6365365A356C705030727741444766685A7833374E41374141414141424A52553545726B4A6767673D3D\";s:4:\"host\";s:114:\"687474703A2F2F7777772E696A682E63632F696E6465782E7068703F63746C3D6D6F6E69746F72696E6726686F73743D2573266B65793D2573\";}','配置设置',1389324222);
insert  into `jh_system_config`(`k`,`v`,`title`,`dateline`) values ('site','a:17:{s:5:\"title\";s:24:\"江湖装企营销系统\";s:7:\"siteurl\";s:19:\"http://www.zqv2.com\";s:4:\"logo\";s:58:\"photo/201501/20150113_D33DFEEB3A52A6DAB6F3631833D17A4A.png\";s:6:\"weixin\";s:58:\"photo/201405/20140506_E716FCD5FE808364FB613E1089991153.png\";s:6:\"shouji\";s:58:\"photo/201405/20140509_26045DE47B4A9588A62DAC5564F1826C.jpg\";s:7:\"android\";s:1:\"#\";s:3:\"ios\";s:1:\"#\";s:4:\"mail\";s:15:\"ijianghu@qq.com\";s:4:\"kfqq\";s:9:\"330682860\";s:5:\"phone\";s:13:\"0551-64278115\";s:9:\"cellphone\";s:11:\"15022226666\";s:4:\"addr\";s:6:\"测试\";s:6:\"mobile\";s:1:\"1\";s:7:\"rewrite\";s:1:\"1\";s:6:\"tongji\";s:0:\"\";s:7:\"jianjie\";s:750:\"　　《江湖装企营销系统》是一款针对装修公司研发的企业营销的综合网站系统！不但能包装企业的网络形象，更能配合网络营销推广的达到更好的营销效果！和传统企业网站相比装企营销系统具备传统企业网站不具备的营销功能（集成了很多报名表单，第一时间留下业主的信息，短信通知到装修公司）和营销数据分析（能精确分析网络营销推广成果的信息来源）;《江湖装企营销系统》还配备了目前移动互联的3G网站及APP（让您的企业领跑在互联网营销上）！当然有了《江湖装企营销系统》并不代表他会自动营销，它只是提供了更符合网络推广赢得效果的工具！\";s:3:\"icp\";s:20:\"皖ICP备13010842号\";}','配置设置',1422073399);
insert  into `jh_system_config`(`k`,`v`,`title`,`dateline`) values ('mobile','a:3:{s:5:\"title\";s:27:\"江湖家居系统手机版\";s:3:\"url\";s:26:\"http://www.zqv2.com/mobile\";s:7:\"forward\";s:1:\"1\";}','3G版设置',1421907136);
insert  into `jh_system_config`(`k`,`v`,`title`,`dateline`) values ('access','a:7:{s:6:\"denyip\";s:17:\"127.0.0.9\r\n8.20.*\";s:12:\"mobile_count\";s:1:\"2\";s:11:\"mobile_time\";s:1:\"0\";s:13:\"tenders_count\";s:2:\"10\";s:12:\"tenders_time\";s:1:\"0\";s:6:\"closed\";s:1:\"0\";s:13:\"closed_reason\";s:25:\"网站正在升级中....\";}','访问控制',1422071631);
insert  into `jh_system_module`(`mod_id`,`module`,`level`,`ctl`,`act`,`title`,`visible`,`parent_id`,`orderby`,`dateline`) values (1,'top',1,'','','设置',1,0,10,1356434427);
insert  into `jh_system_module`(`mod_id`,`module`,`level`,`ctl`,`act`,`title`,`visible`,`parent_id`,`orderby`,`dateline`) values (601,'top',1,'','','系统',1,0,9,1383820332);
insert  into `jh_system_module`(`mod_id`,`module`,`level`,`ctl`,`act`,`title`,`visible`,`parent_id`,`orderby`,`dateline`) values (5,'top',1,'','','运营',1,0,60,1356434427);
insert  into `jh_system_module`(`mod_id`,`module`,`level`,`ctl`,`act`,`title`,`visible`,`parent_id`,`orderby`,`dateline`) values (6,'menu',2,'','','权限管理',1,601,20,1356434427);
insert  into `jh_system_module`(`mod_id`,`module`,`level`,`ctl`,`act`,`title`,`visible`,`parent_id`,`orderby`,`dateline`) values (7,'menu',2,'','','模块管理',1,601,30,1356434427);
insert  into `jh_system_module`(`mod_id`,`module`,`level`,`ctl`,`act`,`title`,`visible`,`parent_id`,`orderby`,`dateline`) values (8,'module',3,'module/menu','index','导航菜单管理',1,7,1,1356434427);
insert  into `jh_system_module`(`mod_id`,`module`,`level`,`ctl`,`act`,`title`,`visible`,`parent_id`,`orderby`,`dateline`) values (9,'module',3,'module/ctl','index','控制模型管理',1,7,11,1356434427);
insert  into `jh_system_module`(`mod_id`,`module`,`level`,`ctl`,`act`,`title`,`visible`,`parent_id`,`orderby`,`dateline`) values (26,'module',3,'module/menu','create','添加导航菜单',0,7,2,1356434427);
insert  into `jh_system_module`(`mod_id`,`module`,`level`,`ctl`,`act`,`title`,`visible`,`parent_id`,`orderby`,`dateline`) values (27,'module',3,'module/menu','save','保存导航菜单',0,7,6,1356434427);
insert  into `jh_system_module`(`mod_id`,`module`,`level`,`ctl`,`act`,`title`,`visible`,`parent_id`,`orderby`,`dateline`) values (28,'module',3,'module/menu','edit','编辑导航菜单',0,7,3,1356434427);
insert  into `jh_system_module`(`mod_id`,`module`,`level`,`ctl`,`act`,`title`,`visible`,`parent_id`,`orderby`,`dateline`) values (32,'module',3,'module/ctl','save','保存控制模块',0,7,14,1356434427);
insert  into `jh_system_module`(`mod_id`,`module`,`level`,`ctl`,`act`,`title`,`visible`,`parent_id`,`orderby`,`dateline`) values (31,'module',3,'module/ctl','batch','指量添加控制模块',0,7,13,1356434427);
insert  into `jh_system_module`(`mod_id`,`module`,`level`,`ctl`,`act`,`title`,`visible`,`parent_id`,`orderby`,`dateline`) values (33,'module',3,'module/ctl','detail','管理控制模型',0,7,12,1356434427);
insert  into `jh_system_module`(`mod_id`,`module`,`level`,`ctl`,`act`,`title`,`visible`,`parent_id`,`orderby`,`dateline`) values (35,'module',3,'module/menu','update','更新导航菜单',0,7,4,1356434427);
insert  into `jh_system_module`(`mod_id`,`module`,`level`,`ctl`,`act`,`title`,`visible`,`parent_id`,`orderby`,`dateline`) values (37,'module',3,'module/ctl','remove','删除控制模块',0,7,15,1356434427);
insert  into `jh_system_module`(`mod_id`,`module`,`level`,`ctl`,`act`,`title`,`visible`,`parent_id`,`orderby`,`dateline`) values (44,'module',3,'module/menu','remove','删除导航菜单',0,7,5,1356437401);
insert  into `jh_system_module`(`mod_id`,`module`,`level`,`ctl`,`act`,`title`,`visible`,`parent_id`,`orderby`,`dateline`) values (48,'module',3,'admin/role','index','角色管理',1,6,1,1356437591);
insert  into `jh_system_module`(`mod_id`,`module`,`level`,`ctl`,`act`,`title`,`visible`,`parent_id`,`orderby`,`dateline`) values (49,'module',3,'admin/admin','index','管理员管理',1,6,2,1356437975);
insert  into `jh_system_module`(`mod_id`,`module`,`level`,`ctl`,`act`,`title`,`visible`,`parent_id`,`orderby`,`dateline`) values (50,'module',3,'admin/role','create','创建角色',0,6,50,1356437975);
insert  into `jh_system_module`(`mod_id`,`module`,`level`,`ctl`,`act`,`title`,`visible`,`parent_id`,`orderby`,`dateline`) values (51,'module',3,'admin/role','detail','管理角色',0,6,50,1356437975);
insert  into `jh_system_module`(`mod_id`,`module`,`level`,`ctl`,`act`,`title`,`visible`,`parent_id`,`orderby`,`dateline`) values (52,'module',3,'admin/role','save','保存角色',0,6,50,1356437975);
insert  into `jh_system_module`(`mod_id`,`module`,`level`,`ctl`,`act`,`title`,`visible`,`parent_id`,`orderby`,`dateline`) values (53,'module',3,'admin/role','delete','删除角色',0,6,50,1356437975);
insert  into `jh_system_module`(`mod_id`,`module`,`level`,`ctl`,`act`,`title`,`visible`,`parent_id`,`orderby`,`dateline`) values (54,'module',3,'admin/admin','create','创建管理员',0,6,50,1356437975);
insert  into `jh_system_module`(`mod_id`,`module`,`level`,`ctl`,`act`,`title`,`visible`,`parent_id`,`orderby`,`dateline`) values (55,'module',3,'admin/admin','edit','修改管理员',0,6,50,1356437975);
insert  into `jh_system_module`(`mod_id`,`module`,`level`,`ctl`,`act`,`title`,`visible`,`parent_id`,`orderby`,`dateline`) values (56,'module',3,'admin/admin','save','保存管理员',0,6,50,1356437975);
insert  into `jh_system_module`(`mod_id`,`module`,`level`,`ctl`,`act`,`title`,`visible`,`parent_id`,`orderby`,`dateline`) values (57,'module',3,'admin/admin','delete','删除管理员',0,6,50,1356437975);
insert  into `jh_system_module`(`mod_id`,`module`,`level`,`ctl`,`act`,`title`,`visible`,`parent_id`,`orderby`,`dateline`) values (1057,'module',3,'decorate/package','so','搜索套餐',0,1051,50,1398251469);
insert  into `jh_system_module`(`mod_id`,`module`,`level`,`ctl`,`act`,`title`,`visible`,`parent_id`,`orderby`,`dateline`) values (127,'top',1,'','','工具',1,0,70,1357609135);
insert  into `jh_system_module`(`mod_id`,`module`,`level`,`ctl`,`act`,`title`,`visible`,`parent_id`,`orderby`,`dateline`) values (68,'menu',2,'','','广告管理',1,5,30,1356513698);
insert  into `jh_system_module`(`mod_id`,`module`,`level`,`ctl`,`act`,`title`,`visible`,`parent_id`,`orderby`,`dateline`) values (979,'module',3,'tenders/tenders','delete','删除申请',0,970,50,1394274094);
insert  into `jh_system_module`(`mod_id`,`module`,`level`,`ctl`,`act`,`title`,`visible`,`parent_id`,`orderby`,`dateline`) values (949,'module',3,'case/case','detail','案例图片',0,941,50,1394176905);
insert  into `jh_system_module`(`mod_id`,`module`,`level`,`ctl`,`act`,`title`,`visible`,`parent_id`,`orderby`,`dateline`) values (950,'module',3,'case/photo','upload','上传图片',0,941,50,1394176905);
insert  into `jh_system_module`(`mod_id`,`module`,`level`,`ctl`,`act`,`title`,`visible`,`parent_id`,`orderby`,`dateline`) values (85,'menu',2,'','','文章管理',1,928,20,1356600322);
insert  into `jh_system_module`(`mod_id`,`module`,`level`,`ctl`,`act`,`title`,`visible`,`parent_id`,`orderby`,`dateline`) values (344,'module',3,'article/cate','create','添加分类',0,85,21,1372153529);
insert  into `jh_system_module`(`mod_id`,`module`,`level`,`ctl`,`act`,`title`,`visible`,`parent_id`,`orderby`,`dateline`) values (338,'module',3,'article/article','index','文章列表',1,85,10,1372087400);
insert  into `jh_system_module`(`mod_id`,`module`,`level`,`ctl`,`act`,`title`,`visible`,`parent_id`,`orderby`,`dateline`) values (339,'module',3,'article/article','so','搜索文章',0,85,11,1372087400);
insert  into `jh_system_module`(`mod_id`,`module`,`level`,`ctl`,`act`,`title`,`visible`,`parent_id`,`orderby`,`dateline`) values (340,'module',3,'article/article','create','添加文章',1,85,12,1372087400);
insert  into `jh_system_module`(`mod_id`,`module`,`level`,`ctl`,`act`,`title`,`visible`,`parent_id`,`orderby`,`dateline`) values (341,'module',3,'article/article','edit','修改文章',0,85,13,1372087400);
insert  into `jh_system_module`(`mod_id`,`module`,`level`,`ctl`,`act`,`title`,`visible`,`parent_id`,`orderby`,`dateline`) values (953,'module',3,'case/comment','index','案例评论',1,941,50,1394176905);
insert  into `jh_system_module`(`mod_id`,`module`,`level`,`ctl`,`act`,`title`,`visible`,`parent_id`,`orderby`,`dateline`) values (954,'module',3,'case/comment','create','新增评论',0,941,50,1394176905);
insert  into `jh_system_module`(`mod_id`,`module`,`level`,`ctl`,`act`,`title`,`visible`,`parent_id`,`orderby`,`dateline`) values (955,'module',3,'case/comment','edit','修改评论',0,941,50,1394176905);
insert  into `jh_system_module`(`mod_id`,`module`,`level`,`ctl`,`act`,`title`,`visible`,`parent_id`,`orderby`,`dateline`) values (956,'module',3,'case/comment','delete','删除评论',0,941,50,1394176905);
insert  into `jh_system_module`(`mod_id`,`module`,`level`,`ctl`,`act`,`title`,`visible`,`parent_id`,`orderby`,`dateline`) values (113,'module',3,'adv/adv','index','广告位管理',1,68,50,1357460157);
insert  into `jh_system_module`(`mod_id`,`module`,`level`,`ctl`,`act`,`title`,`visible`,`parent_id`,`orderby`,`dateline`) values (114,'module',3,'adv/adv','detail','管理广告位',0,68,50,1357460260);
insert  into `jh_system_module`(`mod_id`,`module`,`level`,`ctl`,`act`,`title`,`visible`,`parent_id`,`orderby`,`dateline`) values (115,'module',3,'adv/adv','edit','编辑广告位',0,68,50,1357460260);
insert  into `jh_system_module`(`mod_id`,`module`,`level`,`ctl`,`act`,`title`,`visible`,`parent_id`,`orderby`,`dateline`) values (116,'module',3,'adv/adv','create','创建广告位',1,68,50,1357460260);
insert  into `jh_system_module`(`mod_id`,`module`,`level`,`ctl`,`act`,`title`,`visible`,`parent_id`,`orderby`,`dateline`) values (117,'module',3,'adv/adv','delete','删除广告位',0,68,50,1357460260);
insert  into `jh_system_module`(`mod_id`,`module`,`level`,`ctl`,`act`,`title`,`visible`,`parent_id`,`orderby`,`dateline`) values (119,'module',3,'adv/item','create','添加广告',0,68,50,1357460574);
insert  into `jh_system_module`(`mod_id`,`module`,`level`,`ctl`,`act`,`title`,`visible`,`parent_id`,`orderby`,`dateline`) values (120,'module',3,'adv/item','edit','修改广告',0,68,50,1357460574);
insert  into `jh_system_module`(`mod_id`,`module`,`level`,`ctl`,`act`,`title`,`visible`,`parent_id`,`orderby`,`dateline`) values (386,'module',3,'system/config','site','基本设置',1,269,1,1372869314);
insert  into `jh_system_module`(`mod_id`,`module`,`level`,`ctl`,`act`,`title`,`visible`,`parent_id`,`orderby`,`dateline`) values (122,'module',3,'adv/item','delete','删除广告',0,68,50,1357460574);
insert  into `jh_system_module`(`mod_id`,`module`,`level`,`ctl`,`act`,`title`,`visible`,`parent_id`,`orderby`,`dateline`) values (123,'module',3,'adv/adv','update','更新广告位',0,68,50,1357462189);
insert  into `jh_system_module`(`mod_id`,`module`,`level`,`ctl`,`act`,`title`,`visible`,`parent_id`,`orderby`,`dateline`) values (124,'module',3,'adv/item','update','更新广告内容',0,68,50,1357463273);
insert  into `jh_system_module`(`mod_id`,`module`,`level`,`ctl`,`act`,`title`,`visible`,`parent_id`,`orderby`,`dateline`) values (345,'module',3,'article/comment','index','评论列表',1,85,50,1372154080);
insert  into `jh_system_module`(`mod_id`,`module`,`level`,`ctl`,`act`,`title`,`visible`,`parent_id`,`orderby`,`dateline`) values (342,'module',3,'article/article','delete','删除文章',0,85,14,1372087400);
insert  into `jh_system_module`(`mod_id`,`module`,`level`,`ctl`,`act`,`title`,`visible`,`parent_id`,`orderby`,`dateline`) values (951,'module',3,'case/photo','delete','删除图片',0,941,50,1394176905);
insert  into `jh_system_module`(`mod_id`,`module`,`level`,`ctl`,`act`,`title`,`visible`,`parent_id`,`orderby`,`dateline`) values (952,'module',3,'case/photo','update','更新图片',0,941,50,1394176905);
insert  into `jh_system_module`(`mod_id`,`module`,`level`,`ctl`,`act`,`title`,`visible`,`parent_id`,`orderby`,`dateline`) values (346,'module',3,'article/comment','create','添加评论',0,85,50,1372154613);
insert  into `jh_system_module`(`mod_id`,`module`,`level`,`ctl`,`act`,`title`,`visible`,`parent_id`,`orderby`,`dateline`) values (347,'module',3,'article/comment','edit','修改评论',0,85,50,1372154613);
insert  into `jh_system_module`(`mod_id`,`module`,`level`,`ctl`,`act`,`title`,`visible`,`parent_id`,`orderby`,`dateline`) values (348,'module',3,'article/comment','delete','删除评论',0,85,50,1372154613);
insert  into `jh_system_module`(`mod_id`,`module`,`level`,`ctl`,`act`,`title`,`visible`,`parent_id`,`orderby`,`dateline`) values (244,'menu',2,'','','站长工具',1,127,52,1366388132);
insert  into `jh_system_module`(`mod_id`,`module`,`level`,`ctl`,`act`,`title`,`visible`,`parent_id`,`orderby`,`dateline`) values (245,'module',3,'tools/cache','clean','清空缓存',1,244,50,1366388194);
insert  into `jh_system_module`(`mod_id`,`module`,`level`,`ctl`,`act`,`title`,`visible`,`parent_id`,`orderby`,`dateline`) values (1066,'module',3,'activity/lanmu','edit','编辑栏目',0,991,50,1398332770);
insert  into `jh_system_module`(`mod_id`,`module`,`level`,`ctl`,`act`,`title`,`visible`,`parent_id`,`orderby`,`dateline`) values (1065,'module',3,'activity/lanmu','create','新增栏目',0,991,50,1398332770);
insert  into `jh_system_module`(`mod_id`,`module`,`level`,`ctl`,`act`,`title`,`visible`,`parent_id`,`orderby`,`dateline`) values (1064,'module',3,'activity/lanmu','index','活动栏目',0,991,50,1398332770);
insert  into `jh_system_module`(`mod_id`,`module`,`level`,`ctl`,`act`,`title`,`visible`,`parent_id`,`orderby`,`dateline`) values (1063,'module',3,'activity/activity','doaudit','审核活动',0,991,50,1398332470);
insert  into `jh_system_module`(`mod_id`,`module`,`level`,`ctl`,`act`,`title`,`visible`,`parent_id`,`orderby`,`dateline`) values (269,'menu',2,'','','网站设置',1,1,1,1370085075);
insert  into `jh_system_module`(`mod_id`,`module`,`level`,`ctl`,`act`,`title`,`visible`,`parent_id`,`orderby`,`dateline`) values (279,'menu',2,'','','数据库管理',1,127,50,1371537222);
insert  into `jh_system_module`(`mod_id`,`module`,`level`,`ctl`,`act`,`title`,`visible`,`parent_id`,`orderby`,`dateline`) values (478,'module',3,'article/about','delete','删除内容',0,473,50,1375413188);
insert  into `jh_system_module`(`mod_id`,`module`,`level`,`ctl`,`act`,`title`,`visible`,`parent_id`,`orderby`,`dateline`) values (477,'module',3,'article/about','edit','修改内容',0,473,50,1375413188);
insert  into `jh_system_module`(`mod_id`,`module`,`level`,`ctl`,`act`,`title`,`visible`,`parent_id`,`orderby`,`dateline`) values (476,'module',3,'article/about','create','添加内容',0,473,50,1375413188);
insert  into `jh_system_module`(`mod_id`,`module`,`level`,`ctl`,`act`,`title`,`visible`,`parent_id`,`orderby`,`dateline`) values (475,'module',3,'article/about','so','搜索内容',1,473,50,1375413188);
insert  into `jh_system_module`(`mod_id`,`module`,`level`,`ctl`,`act`,`title`,`visible`,`parent_id`,`orderby`,`dateline`) values (580,'module',3,'data/attr','deletefrom','删除分类',0,325,8,1383357607);
insert  into `jh_system_module`(`mod_id`,`module`,`level`,`ctl`,`act`,`title`,`visible`,`parent_id`,`orderby`,`dateline`) values (579,'module',3,'data/attr','editfrom','修改分类',0,325,7,1383357607);
insert  into `jh_system_module`(`mod_id`,`module`,`level`,`ctl`,`act`,`title`,`visible`,`parent_id`,`orderby`,`dateline`) values (578,'module',3,'data/attr','createfrom','添加分类',0,325,6,1383357607);
insert  into `jh_system_module`(`mod_id`,`module`,`level`,`ctl`,`act`,`title`,`visible`,`parent_id`,`orderby`,`dateline`) values (577,'module',3,'data/attr','attrfrom','属性分类',1,325,5,1383357607);
insert  into `jh_system_module`(`mod_id`,`module`,`level`,`ctl`,`act`,`title`,`visible`,`parent_id`,`orderby`,`dateline`) values (474,'module',3,'article/about','index','内容列表',1,473,50,1375413188);
insert  into `jh_system_module`(`mod_id`,`module`,`level`,`ctl`,`act`,`title`,`visible`,`parent_id`,`orderby`,`dateline`) values (473,'menu',2,'','','关于我们',1,928,40,1375412919);
insert  into `jh_system_module`(`mod_id`,`module`,`level`,`ctl`,`act`,`title`,`visible`,`parent_id`,`orderby`,`dateline`) values (472,'menu',2,'','','帮助中心',1,928,30,1375412896);
insert  into `jh_system_module`(`mod_id`,`module`,`level`,`ctl`,`act`,`title`,`visible`,`parent_id`,`orderby`,`dateline`) values (325,'menu',2,'','','属性管理',1,1,4,1372043122);
insert  into `jh_system_module`(`mod_id`,`module`,`level`,`ctl`,`act`,`title`,`visible`,`parent_id`,`orderby`,`dateline`) values (326,'module',3,'data/attr','index','属性列表',1,325,10,1372043187);
insert  into `jh_system_module`(`mod_id`,`module`,`level`,`ctl`,`act`,`title`,`visible`,`parent_id`,`orderby`,`dateline`) values (327,'module',3,'data/attr','create','添加属性',1,325,12,1372043187);
insert  into `jh_system_module`(`mod_id`,`module`,`level`,`ctl`,`act`,`title`,`visible`,`parent_id`,`orderby`,`dateline`) values (328,'module',3,'data/attr','update','更新属性',0,325,13,1372043187);
insert  into `jh_system_module`(`mod_id`,`module`,`level`,`ctl`,`act`,`title`,`visible`,`parent_id`,`orderby`,`dateline`) values (329,'module',3,'data/attr','delete','删除属性',0,325,14,1372043187);
insert  into `jh_system_module`(`mod_id`,`module`,`level`,`ctl`,`act`,`title`,`visible`,`parent_id`,`orderby`,`dateline`) values (330,'module',3,'data/attr','detail','管理属性',0,325,15,1372053817);
insert  into `jh_system_module`(`mod_id`,`module`,`level`,`ctl`,`act`,`title`,`visible`,`parent_id`,`orderby`,`dateline`) values (331,'module',3,'data/attr','updatevalue','更新选项',0,325,16,1372053880);
insert  into `jh_system_module`(`mod_id`,`module`,`level`,`ctl`,`act`,`title`,`visible`,`parent_id`,`orderby`,`dateline`) values (332,'module',3,'data/attr','delvalue','删除选项',0,325,17,1372053880);
insert  into `jh_system_module`(`mod_id`,`module`,`level`,`ctl`,`act`,`title`,`visible`,`parent_id`,`orderby`,`dateline`) values (333,'module',3,'article/cate','index','分类列表',1,933,20,1372065450);
insert  into `jh_system_module`(`mod_id`,`module`,`level`,`ctl`,`act`,`title`,`visible`,`parent_id`,`orderby`,`dateline`) values (335,'module',3,'article/cate','edit','编辑分类',0,933,22,1372065450);
insert  into `jh_system_module`(`mod_id`,`module`,`level`,`ctl`,`act`,`title`,`visible`,`parent_id`,`orderby`,`dateline`) values (336,'module',3,'article/cate','delete','删除分类',0,933,23,1372065450);
insert  into `jh_system_module`(`mod_id`,`module`,`level`,`ctl`,`act`,`title`,`visible`,`parent_id`,`orderby`,`dateline`) values (337,'module',3,'article/cate','update','更新分类',0,933,24,1372065450);
insert  into `jh_system_module`(`mod_id`,`module`,`level`,`ctl`,`act`,`title`,`visible`,`parent_id`,`orderby`,`dateline`) values (349,'module',3,'article/comment','so','搜索评论',0,85,50,1372154635);
insert  into `jh_system_module`(`mod_id`,`module`,`level`,`ctl`,`act`,`title`,`visible`,`parent_id`,`orderby`,`dateline`) values (586,'module',3,'article/article','dialog','选择文章',0,85,25,1383553687);
insert  into `jh_system_module`(`mod_id`,`module`,`level`,`ctl`,`act`,`title`,`visible`,`parent_id`,`orderby`,`dateline`) values (569,'module',3,'article/link','update','更新标签',0,85,50,1383104861);
insert  into `jh_system_module`(`mod_id`,`module`,`level`,`ctl`,`act`,`title`,`visible`,`parent_id`,`orderby`,`dateline`) values (568,'module',3,'article/link','delete','删除标签',0,85,50,1383104861);
insert  into `jh_system_module`(`mod_id`,`module`,`level`,`ctl`,`act`,`title`,`visible`,`parent_id`,`orderby`,`dateline`) values (566,'module',3,'article/link','create','添加标签',0,85,50,1383104861);
insert  into `jh_system_module`(`mod_id`,`module`,`level`,`ctl`,`act`,`title`,`visible`,`parent_id`,`orderby`,`dateline`) values (567,'module',3,'article/link','edit','修改标签',0,85,50,1383104861);
insert  into `jh_system_module`(`mod_id`,`module`,`level`,`ctl`,`act`,`title`,`visible`,`parent_id`,`orderby`,`dateline`) values (1056,'module',3,'decorate/package','delete','删除套餐',0,1051,50,1398251469);
insert  into `jh_system_module`(`mod_id`,`module`,`level`,`ctl`,`act`,`title`,`visible`,`parent_id`,`orderby`,`dateline`) values (1055,'module',3,'decorate/package','edit','修改套餐',0,1051,50,1398251469);
insert  into `jh_system_module`(`mod_id`,`module`,`level`,`ctl`,`act`,`title`,`visible`,`parent_id`,`orderby`,`dateline`) values (1051,'menu',2,'','','装修套餐',1,1025,50,1398250133);
insert  into `jh_system_module`(`mod_id`,`module`,`level`,`ctl`,`act`,`title`,`visible`,`parent_id`,`orderby`,`dateline`) values (1052,'menu',2,'','','套装报名',1,1025,50,1398250143);
insert  into `jh_system_module`(`mod_id`,`module`,`level`,`ctl`,`act`,`title`,`visible`,`parent_id`,`orderby`,`dateline`) values (1053,'module',3,'decorate/package','index','套餐管理',1,1051,50,1398251469);
insert  into `jh_system_module`(`mod_id`,`module`,`level`,`ctl`,`act`,`title`,`visible`,`parent_id`,`orderby`,`dateline`) values (1054,'module',3,'decorate/package','create','新增套餐',1,1051,40,1398251469);
insert  into `jh_system_module`(`mod_id`,`module`,`level`,`ctl`,`act`,`title`,`visible`,`parent_id`,`orderby`,`dateline`) values (1041,'menu',2,'','','团装报名',1,1025,50,1397558684);
insert  into `jh_system_module`(`mod_id`,`module`,`level`,`ctl`,`act`,`title`,`visible`,`parent_id`,`orderby`,`dateline`) values (1042,'module',3,'product/brand','bind','绑定品牌',0,1039,50,1397616301);
insert  into `jh_system_module`(`mod_id`,`module`,`level`,`ctl`,`act`,`title`,`visible`,`parent_id`,`orderby`,`dateline`) values (1049,'top',1,'','','活动',1,0,31,1398249987);
insert  into `jh_system_module`(`mod_id`,`module`,`level`,`ctl`,`act`,`title`,`visible`,`parent_id`,`orderby`,`dateline`) values (1050,'menu',2,'','','活动报名',1,1049,50,1398250029);
insert  into `jh_system_module`(`mod_id`,`module`,`level`,`ctl`,`act`,`title`,`visible`,`parent_id`,`orderby`,`dateline`) values (565,'module',3,'article/link','index','连接标签',0,85,50,1383104861);
insert  into `jh_system_module`(`mod_id`,`module`,`level`,`ctl`,`act`,`title`,`visible`,`parent_id`,`orderby`,`dateline`) values (978,'module',3,'tenders/tenders','edit','编辑申请',0,970,50,1394274094);
insert  into `jh_system_module`(`mod_id`,`module`,`level`,`ctl`,`act`,`title`,`visible`,`parent_id`,`orderby`,`dateline`) values (977,'module',3,'tenders/tenders','create','新增申请',0,970,50,1394274094);
insert  into `jh_system_module`(`mod_id`,`module`,`level`,`ctl`,`act`,`title`,`visible`,`parent_id`,`orderby`,`dateline`) values (973,'module',3,'tenders/setting','edit','修改配置',0,970,50,1394274094);
insert  into `jh_system_module`(`mod_id`,`module`,`level`,`ctl`,`act`,`title`,`visible`,`parent_id`,`orderby`,`dateline`) values (974,'module',3,'tenders/setting','delete','删除配置',0,970,50,1394274094);
insert  into `jh_system_module`(`mod_id`,`module`,`level`,`ctl`,`act`,`title`,`visible`,`parent_id`,`orderby`,`dateline`) values (975,'module',3,'tenders/setting','so','搜索配置',0,970,50,1394274094);
insert  into `jh_system_module`(`mod_id`,`module`,`level`,`ctl`,`act`,`title`,`visible`,`parent_id`,`orderby`,`dateline`) values (976,'module',3,'tenders/tenders','index','申请列表',1,970,50,1394274094);
insert  into `jh_system_module`(`mod_id`,`module`,`level`,`ctl`,`act`,`title`,`visible`,`parent_id`,`orderby`,`dateline`) values (418,'module',3,'data/attr','so','搜索属性',0,325,11,1373645218);
insert  into `jh_system_module`(`mod_id`,`module`,`level`,`ctl`,`act`,`title`,`visible`,`parent_id`,`orderby`,`dateline`) values (1040,'menu',2,'','','产品分类',1,1002,52,1397558601);
insert  into `jh_system_module`(`mod_id`,`module`,`level`,`ctl`,`act`,`title`,`visible`,`parent_id`,`orderby`,`dateline`) values (1039,'menu',2,'','','品牌管理',1,1002,51,1397558508);
insert  into `jh_system_module`(`mod_id`,`module`,`level`,`ctl`,`act`,`title`,`visible`,`parent_id`,`orderby`,`dateline`) values (1037,'module',3,'tenders/tenders','audit','待审核申请',1,970,50,1395129114);
insert  into `jh_system_module`(`mod_id`,`module`,`level`,`ctl`,`act`,`title`,`visible`,`parent_id`,`orderby`,`dateline`) values (1036,'module',3,'tuan/yuyue','so','搜索报名',0,1041,50,1394680043);
insert  into `jh_system_module`(`mod_id`,`module`,`level`,`ctl`,`act`,`title`,`visible`,`parent_id`,`orderby`,`dateline`) values (1035,'module',3,'tuan/yuyue','delete','删除报名',0,1041,50,1394680043);
insert  into `jh_system_module`(`mod_id`,`module`,`level`,`ctl`,`act`,`title`,`visible`,`parent_id`,`orderby`,`dateline`) values (1017,'module',3,'product/product','edit','修改产品',0,1003,50,1394613224);
insert  into `jh_system_module`(`mod_id`,`module`,`level`,`ctl`,`act`,`title`,`visible`,`parent_id`,`orderby`,`dateline`) values (1018,'module',3,'product/product','delete','删除产品',0,1003,50,1394613224);
insert  into `jh_system_module`(`mod_id`,`module`,`level`,`ctl`,`act`,`title`,`visible`,`parent_id`,`orderby`,`dateline`) values (1019,'module',3,'product/product','so','搜索产品',0,1003,50,1394613224);
insert  into `jh_system_module`(`mod_id`,`module`,`level`,`ctl`,`act`,`title`,`visible`,`parent_id`,`orderby`,`dateline`) values (1020,'module',3,'product/yuyue','index','产品预约',1,1003,50,1394618115);
insert  into `jh_system_module`(`mod_id`,`module`,`level`,`ctl`,`act`,`title`,`visible`,`parent_id`,`orderby`,`dateline`) values (1021,'module',3,'product/yuyue','create','新增预约',0,1003,50,1394618115);
insert  into `jh_system_module`(`mod_id`,`module`,`level`,`ctl`,`act`,`title`,`visible`,`parent_id`,`orderby`,`dateline`) values (1022,'module',3,'product/yuyue','edit','编辑预约',0,1003,50,1394618115);
insert  into `jh_system_module`(`mod_id`,`module`,`level`,`ctl`,`act`,`title`,`visible`,`parent_id`,`orderby`,`dateline`) values (1023,'module',3,'product/yuyue','delete','删除预约',0,1003,50,1394618115);
insert  into `jh_system_module`(`mod_id`,`module`,`level`,`ctl`,`act`,`title`,`visible`,`parent_id`,`orderby`,`dateline`) values (1024,'module',3,'product/yuyue','so','搜索预约',0,1003,50,1394618115);
insert  into `jh_system_module`(`mod_id`,`module`,`level`,`ctl`,`act`,`title`,`visible`,`parent_id`,`orderby`,`dateline`) values (1025,'top',1,'','','团装',1,0,30,1394632355);
insert  into `jh_system_module`(`mod_id`,`module`,`level`,`ctl`,`act`,`title`,`visible`,`parent_id`,`orderby`,`dateline`) values (1026,'menu',2,'','','团装管理',1,1025,50,1394632371);
insert  into `jh_system_module`(`mod_id`,`module`,`level`,`ctl`,`act`,`title`,`visible`,`parent_id`,`orderby`,`dateline`) values (1027,'module',3,'tuan/tuan','index','团装列表',1,1026,50,1394632458);
insert  into `jh_system_module`(`mod_id`,`module`,`level`,`ctl`,`act`,`title`,`visible`,`parent_id`,`orderby`,`dateline`) values (1028,'module',3,'tuan/tuan','create','新增团装',1,1026,40,1394632458);
insert  into `jh_system_module`(`mod_id`,`module`,`level`,`ctl`,`act`,`title`,`visible`,`parent_id`,`orderby`,`dateline`) values (1029,'module',3,'tuan/tuan','edit','修改团装',0,1026,50,1394632458);
insert  into `jh_system_module`(`mod_id`,`module`,`level`,`ctl`,`act`,`title`,`visible`,`parent_id`,`orderby`,`dateline`) values (1030,'module',3,'tuan/tuan','delete','删除团装',0,1026,50,1394632458);
insert  into `jh_system_module`(`mod_id`,`module`,`level`,`ctl`,`act`,`title`,`visible`,`parent_id`,`orderby`,`dateline`) values (1031,'module',3,'tuan/tuan','so','搜索团装',0,1026,50,1394632458);
insert  into `jh_system_module`(`mod_id`,`module`,`level`,`ctl`,`act`,`title`,`visible`,`parent_id`,`orderby`,`dateline`) values (1032,'module',3,'tuan/yuyue','index','报名列表',1,1041,50,1394680043);
insert  into `jh_system_module`(`mod_id`,`module`,`level`,`ctl`,`act`,`title`,`visible`,`parent_id`,`orderby`,`dateline`) values (1033,'module',3,'tuan/yuyue','create','新增报名',0,1041,50,1394680043);
insert  into `jh_system_module`(`mod_id`,`module`,`level`,`ctl`,`act`,`title`,`visible`,`parent_id`,`orderby`,`dateline`) values (1034,'module',3,'tuan/yuyue','edit','编辑报名',0,1041,50,1394680043);
insert  into `jh_system_module`(`mod_id`,`module`,`level`,`ctl`,`act`,`title`,`visible`,`parent_id`,`orderby`,`dateline`) values (957,'module',3,'case/comment','so','搜索评论',0,941,50,1394176905);
insert  into `jh_system_module`(`mod_id`,`module`,`level`,`ctl`,`act`,`title`,`visible`,`parent_id`,`orderby`,`dateline`) values (958,'module',3,'case/comment','doaudit','审核评论',0,941,50,1394176905);
insert  into `jh_system_module`(`mod_id`,`module`,`level`,`ctl`,`act`,`title`,`visible`,`parent_id`,`orderby`,`dateline`) values (959,'menu',2,'','','在建工地',1,934,50,1394245708);
insert  into `jh_system_module`(`mod_id`,`module`,`level`,`ctl`,`act`,`title`,`visible`,`parent_id`,`orderby`,`dateline`) values (671,'module',3,'system/theme','index','模板管理',1,670,50,1384760203);
insert  into `jh_system_module`(`mod_id`,`module`,`level`,`ctl`,`act`,`title`,`visible`,`parent_id`,`orderby`,`dateline`) values (670,'menu',2,'','','模板设置',1,1,50,1384760168);
insert  into `jh_system_module`(`mod_id`,`module`,`level`,`ctl`,`act`,`title`,`visible`,`parent_id`,`orderby`,`dateline`) values (1016,'module',3,'product/product','create','新增产品',0,1003,50,1394613224);
insert  into `jh_system_module`(`mod_id`,`module`,`level`,`ctl`,`act`,`title`,`visible`,`parent_id`,`orderby`,`dateline`) values (470,'module',3,'system/config','attach','附件设置',1,269,2,1374459620);
insert  into `jh_system_module`(`mod_id`,`module`,`level`,`ctl`,`act`,`title`,`visible`,`parent_id`,`orderby`,`dateline`) values (479,'module',3,'article/help','index','帮助管理',1,472,50,1375413284);
insert  into `jh_system_module`(`mod_id`,`module`,`level`,`ctl`,`act`,`title`,`visible`,`parent_id`,`orderby`,`dateline`) values (480,'module',3,'article/help','so','搜索帮助',1,472,50,1375413284);
insert  into `jh_system_module`(`mod_id`,`module`,`level`,`ctl`,`act`,`title`,`visible`,`parent_id`,`orderby`,`dateline`) values (481,'module',3,'article/help','create','添加帮助',0,472,50,1375413284);
insert  into `jh_system_module`(`mod_id`,`module`,`level`,`ctl`,`act`,`title`,`visible`,`parent_id`,`orderby`,`dateline`) values (482,'module',3,'article/help','edit','修改帮助',0,472,50,1375413284);
insert  into `jh_system_module`(`mod_id`,`module`,`level`,`ctl`,`act`,`title`,`visible`,`parent_id`,`orderby`,`dateline`) values (483,'module',3,'article/help','delete','删除帮助',0,472,50,1375413284);
insert  into `jh_system_module`(`mod_id`,`module`,`level`,`ctl`,`act`,`title`,`visible`,`parent_id`,`orderby`,`dateline`) values (972,'module',3,'tenders/setting','create','新增配置',0,970,50,1394274094);
insert  into `jh_system_module`(`mod_id`,`module`,`level`,`ctl`,`act`,`title`,`visible`,`parent_id`,`orderby`,`dateline`) values (971,'module',3,'tenders/setting','index','装修配置',1,970,50,1394274094);
insert  into `jh_system_module`(`mod_id`,`module`,`level`,`ctl`,`act`,`title`,`visible`,`parent_id`,`orderby`,`dateline`) values (970,'menu',2,'','','装修申请',1,934,50,1394273935);
insert  into `jh_system_module`(`mod_id`,`module`,`level`,`ctl`,`act`,`title`,`visible`,`parent_id`,`orderby`,`dateline`) values (969,'module',3,'site/notes','so','搜索日记',0,959,50,1394245982);
insert  into `jh_system_module`(`mod_id`,`module`,`level`,`ctl`,`act`,`title`,`visible`,`parent_id`,`orderby`,`dateline`) values (968,'module',3,'site/notes','delete','删除日记',0,959,50,1394245982);
insert  into `jh_system_module`(`mod_id`,`module`,`level`,`ctl`,`act`,`title`,`visible`,`parent_id`,`orderby`,`dateline`) values (966,'module',3,'site/notes','create','新增日记',0,959,50,1394245982);
insert  into `jh_system_module`(`mod_id`,`module`,`level`,`ctl`,`act`,`title`,`visible`,`parent_id`,`orderby`,`dateline`) values (967,'module',3,'site/notes','edit','修改日记',0,959,50,1394245982);
insert  into `jh_system_module`(`mod_id`,`module`,`level`,`ctl`,`act`,`title`,`visible`,`parent_id`,`orderby`,`dateline`) values (500,'module',3,'system/config','mail','邮件设置',1,269,40,1375789137);
insert  into `jh_system_module`(`mod_id`,`module`,`level`,`ctl`,`act`,`title`,`visible`,`parent_id`,`orderby`,`dateline`) values (501,'menu',2,'','','友情连接',1,5,50,1376153711);
insert  into `jh_system_module`(`mod_id`,`module`,`level`,`ctl`,`act`,`title`,`visible`,`parent_id`,`orderby`,`dateline`) values (502,'module',3,'market/links','index','友链管理',1,501,50,1376153822);
insert  into `jh_system_module`(`mod_id`,`module`,`level`,`ctl`,`act`,`title`,`visible`,`parent_id`,`orderby`,`dateline`) values (503,'module',3,'market/links','create','添加友链',0,501,50,1376153822);
insert  into `jh_system_module`(`mod_id`,`module`,`level`,`ctl`,`act`,`title`,`visible`,`parent_id`,`orderby`,`dateline`) values (504,'module',3,'market/links','edit','修改友链',0,501,50,1376153822);
insert  into `jh_system_module`(`mod_id`,`module`,`level`,`ctl`,`act`,`title`,`visible`,`parent_id`,`orderby`,`dateline`) values (505,'module',3,'market/links','delete','删除友链',0,501,50,1376153822);
insert  into `jh_system_module`(`mod_id`,`module`,`level`,`ctl`,`act`,`title`,`visible`,`parent_id`,`orderby`,`dateline`) values (506,'module',3,'system/config','sms','短信设置',1,269,50,1376155472);
insert  into `jh_system_module`(`mod_id`,`module`,`level`,`ctl`,`act`,`title`,`visible`,`parent_id`,`orderby`,`dateline`) values (885,'module',3,'system/smstmpl','index','短信模板',1,269,50,1387875598);
insert  into `jh_system_module`(`mod_id`,`module`,`level`,`ctl`,`act`,`title`,`visible`,`parent_id`,`orderby`,`dateline`) values (515,'module',3,'adv/adv','so','搜索广告位',0,68,50,1376479539);
insert  into `jh_system_module`(`mod_id`,`module`,`level`,`ctl`,`act`,`title`,`visible`,`parent_id`,`orderby`,`dateline`) values (516,'module',3,'magic/upload','editor','编辑器上传图片',0,269,50,1376590326);
insert  into `jh_system_module`(`mod_id`,`module`,`level`,`ctl`,`act`,`title`,`visible`,`parent_id`,`orderby`,`dateline`) values (886,'module',3,'system/smstmpl','create','新增模板',0,269,50,1387875598);
insert  into `jh_system_module`(`mod_id`,`module`,`level`,`ctl`,`act`,`title`,`visible`,`parent_id`,`orderby`,`dateline`) values (887,'module',3,'system/smstmpl','edit','修改模板',0,269,50,1387875598);
insert  into `jh_system_module`(`mod_id`,`module`,`level`,`ctl`,`act`,`title`,`visible`,`parent_id`,`orderby`,`dateline`) values (888,'module',3,'system/emailtmpl','index','邮件模板',1,269,41,1388025272);
insert  into `jh_system_module`(`mod_id`,`module`,`level`,`ctl`,`act`,`title`,`visible`,`parent_id`,`orderby`,`dateline`) values (889,'module',3,'system/emailtmpl','create','新增模板',0,269,41,1388025272);
insert  into `jh_system_module`(`mod_id`,`module`,`level`,`ctl`,`act`,`title`,`visible`,`parent_id`,`orderby`,`dateline`) values (890,'module',3,'system/emailtmpl','edit','修改模板',0,269,41,1388025272);
insert  into `jh_system_module`(`mod_id`,`module`,`level`,`ctl`,`act`,`title`,`visible`,`parent_id`,`orderby`,`dateline`) values (894,'module',3,'system/seotmpl','index','全站SEO',1,269,50,1388044619);
insert  into `jh_system_module`(`mod_id`,`module`,`level`,`ctl`,`act`,`title`,`visible`,`parent_id`,`orderby`,`dateline`) values (895,'module',3,'system/seotmpl','create','新增模板',0,269,50,1388044619);
insert  into `jh_system_module`(`mod_id`,`module`,`level`,`ctl`,`act`,`title`,`visible`,`parent_id`,`orderby`,`dateline`) values (896,'module',3,'system/seotmpl','edit','修改模板',0,269,50,1388044619);
insert  into `jh_system_module`(`mod_id`,`module`,`level`,`ctl`,`act`,`title`,`visible`,`parent_id`,`orderby`,`dateline`) values (1076,'module',3,'tongji/tongji','domain','来源域名',1,1070,50,1398506370);
insert  into `jh_system_module`(`mod_id`,`module`,`level`,`ctl`,`act`,`title`,`visible`,`parent_id`,`orderby`,`dateline`) values (554,'module',3,'tools/database','index','数据库管理',1,279,50,1380561710);
insert  into `jh_system_module`(`mod_id`,`module`,`level`,`ctl`,`act`,`title`,`visible`,`parent_id`,`orderby`,`dateline`) values (929,'menu',2,'','','开发者工具',1,127,50,1393667779);
insert  into `jh_system_module`(`mod_id`,`module`,`level`,`ctl`,`act`,`title`,`visible`,`parent_id`,`orderby`,`dateline`) values (930,'module',3,'tools/developer','module','模块生成器',1,929,50,1393667835);
insert  into `jh_system_module`(`mod_id`,`module`,`level`,`ctl`,`act`,`title`,`visible`,`parent_id`,`orderby`,`dateline`) values (931,'module',3,'tools/developer','config','配置生成器',1,929,50,1393667835);
insert  into `jh_system_module`(`mod_id`,`module`,`level`,`ctl`,`act`,`title`,`visible`,`parent_id`,`orderby`,`dateline`) values (932,'module',3,'tools/developer','schema','关联表Schema',0,929,50,1393667835);
insert  into `jh_system_module`(`mod_id`,`module`,`level`,`ctl`,`act`,`title`,`visible`,`parent_id`,`orderby`,`dateline`) values (933,'menu',2,'','','分类管理',1,928,10,1393836431);
insert  into `jh_system_module`(`mod_id`,`module`,`level`,`ctl`,`act`,`title`,`visible`,`parent_id`,`orderby`,`dateline`) values (934,'top',1,'','','模块',1,0,20,1393853387);
insert  into `jh_system_module`(`mod_id`,`module`,`level`,`ctl`,`act`,`title`,`visible`,`parent_id`,`orderby`,`dateline`) values (935,'menu',2,'','','设计师管理',1,934,48,1393853434);
insert  into `jh_system_module`(`mod_id`,`module`,`level`,`ctl`,`act`,`title`,`visible`,`parent_id`,`orderby`,`dateline`) values (936,'module',3,'designer/designer','create','添加设计师',1,935,50,1393853553);
insert  into `jh_system_module`(`mod_id`,`module`,`level`,`ctl`,`act`,`title`,`visible`,`parent_id`,`orderby`,`dateline`) values (937,'module',3,'designer/designer','index','设计师列表',1,935,50,1393853553);
insert  into `jh_system_module`(`mod_id`,`module`,`level`,`ctl`,`act`,`title`,`visible`,`parent_id`,`orderby`,`dateline`) values (938,'module',3,'designer/designer','edit','修改设计师',0,935,50,1393853553);
insert  into `jh_system_module`(`mod_id`,`module`,`level`,`ctl`,`act`,`title`,`visible`,`parent_id`,`orderby`,`dateline`) values (939,'module',3,'designer/designer','delete','删除设计师',0,935,50,1393853553);
insert  into `jh_system_module`(`mod_id`,`module`,`level`,`ctl`,`act`,`title`,`visible`,`parent_id`,`orderby`,`dateline`) values (940,'module',3,'designer/designer','so','搜索设计师',0,935,50,1393853553);
insert  into `jh_system_module`(`mod_id`,`module`,`level`,`ctl`,`act`,`title`,`visible`,`parent_id`,`orderby`,`dateline`) values (941,'menu',2,'','','案例效果图',1,934,50,1394176296);
insert  into `jh_system_module`(`mod_id`,`module`,`level`,`ctl`,`act`,`title`,`visible`,`parent_id`,`orderby`,`dateline`) values (942,'module',3,'case/case','index','案例管理',1,941,50,1394176905);
insert  into `jh_system_module`(`mod_id`,`module`,`level`,`ctl`,`act`,`title`,`visible`,`parent_id`,`orderby`,`dateline`) values (943,'module',3,'case/case','create','添加案例',0,941,50,1394176905);
insert  into `jh_system_module`(`mod_id`,`module`,`level`,`ctl`,`act`,`title`,`visible`,`parent_id`,`orderby`,`dateline`) values (944,'module',3,'case/case','edit','修改案例',0,941,50,1394176905);
insert  into `jh_system_module`(`mod_id`,`module`,`level`,`ctl`,`act`,`title`,`visible`,`parent_id`,`orderby`,`dateline`) values (945,'module',3,'case/case','delete','删除案例',0,941,50,1394176905);
insert  into `jh_system_module`(`mod_id`,`module`,`level`,`ctl`,`act`,`title`,`visible`,`parent_id`,`orderby`,`dateline`) values (946,'module',3,'case/case','so','搜索案例',0,941,50,1394176905);
insert  into `jh_system_module`(`mod_id`,`module`,`level`,`ctl`,`act`,`title`,`visible`,`parent_id`,`orderby`,`dateline`) values (947,'module',3,'case/case','update','更新案例',0,941,50,1394176905);
insert  into `jh_system_module`(`mod_id`,`module`,`level`,`ctl`,`act`,`title`,`visible`,`parent_id`,`orderby`,`dateline`) values (948,'module',3,'case/case','audit','审核案例',1,941,50,1394176905);
insert  into `jh_system_module`(`mod_id`,`module`,`level`,`ctl`,`act`,`title`,`visible`,`parent_id`,`orderby`,`dateline`) values (1015,'module',3,'product/product','index','产品管理',1,1003,50,1394613224);
insert  into `jh_system_module`(`mod_id`,`module`,`level`,`ctl`,`act`,`title`,`visible`,`parent_id`,`orderby`,`dateline`) values (1014,'module',3,'product/brand','cate','查找品牌',0,1039,50,1394610113);
insert  into `jh_system_module`(`mod_id`,`module`,`level`,`ctl`,`act`,`title`,`visible`,`parent_id`,`orderby`,`dateline`) values (1013,'module',3,'product/brand','so','搜索品牌',0,1039,50,1394610113);
insert  into `jh_system_module`(`mod_id`,`module`,`level`,`ctl`,`act`,`title`,`visible`,`parent_id`,`orderby`,`dateline`) values (1012,'module',3,'product/brand','delete','删除品牌',0,1039,50,1394610113);
insert  into `jh_system_module`(`mod_id`,`module`,`level`,`ctl`,`act`,`title`,`visible`,`parent_id`,`orderby`,`dateline`) values (1011,'module',3,'product/brand','edit','修改品牌',0,1039,50,1394610113);
insert  into `jh_system_module`(`mod_id`,`module`,`level`,`ctl`,`act`,`title`,`visible`,`parent_id`,`orderby`,`dateline`) values (1010,'module',3,'product/brand','create','新增品牌',0,1039,50,1394610113);
insert  into `jh_system_module`(`mod_id`,`module`,`level`,`ctl`,`act`,`title`,`visible`,`parent_id`,`orderby`,`dateline`) values (1009,'module',3,'product/brand','index','品牌管理',1,1039,50,1394610113);
insert  into `jh_system_module`(`mod_id`,`module`,`level`,`ctl`,`act`,`title`,`visible`,`parent_id`,`orderby`,`dateline`) values (1008,'module',3,'product/cate','update','更新排序',0,1040,50,1394608914);
insert  into `jh_system_module`(`mod_id`,`module`,`level`,`ctl`,`act`,`title`,`visible`,`parent_id`,`orderby`,`dateline`) values (1007,'module',3,'product/cate','delete','删除分类',0,1040,50,1394608914);
insert  into `jh_system_module`(`mod_id`,`module`,`level`,`ctl`,`act`,`title`,`visible`,`parent_id`,`orderby`,`dateline`) values (1001,'module',3,'activity/yuyue','so','搜索报名',0,1050,50,1394595269);
insert  into `jh_system_module`(`mod_id`,`module`,`level`,`ctl`,`act`,`title`,`visible`,`parent_id`,`orderby`,`dateline`) values (1002,'top',1,'','','产品',1,0,50,1394608209);
insert  into `jh_system_module`(`mod_id`,`module`,`level`,`ctl`,`act`,`title`,`visible`,`parent_id`,`orderby`,`dateline`) values (1003,'menu',2,'','','产品管理',1,1002,54,1394608816);
insert  into `jh_system_module`(`mod_id`,`module`,`level`,`ctl`,`act`,`title`,`visible`,`parent_id`,`orderby`,`dateline`) values (1004,'module',3,'product/cate','index','产品分类',1,1040,50,1394608914);
insert  into `jh_system_module`(`mod_id`,`module`,`level`,`ctl`,`act`,`title`,`visible`,`parent_id`,`orderby`,`dateline`) values (1005,'module',3,'product/cate','create','新增分类',0,1040,50,1394608914);
insert  into `jh_system_module`(`mod_id`,`module`,`level`,`ctl`,`act`,`title`,`visible`,`parent_id`,`orderby`,`dateline`) values (1006,'module',3,'product/cate','edit','编辑分类',0,1040,50,1394608914);
insert  into `jh_system_module`(`mod_id`,`module`,`level`,`ctl`,`act`,`title`,`visible`,`parent_id`,`orderby`,`dateline`) values (965,'module',3,'site/notes','index','工地日记',0,959,50,1394245982);
insert  into `jh_system_module`(`mod_id`,`module`,`level`,`ctl`,`act`,`title`,`visible`,`parent_id`,`orderby`,`dateline`) values (964,'module',3,'site/site','so','搜索工地',0,959,50,1394245982);
insert  into `jh_system_module`(`mod_id`,`module`,`level`,`ctl`,`act`,`title`,`visible`,`parent_id`,`orderby`,`dateline`) values (963,'module',3,'site/site','delete','删除工地',0,959,50,1394245982);
insert  into `jh_system_module`(`mod_id`,`module`,`level`,`ctl`,`act`,`title`,`visible`,`parent_id`,`orderby`,`dateline`) values (928,'top',1,'','','文章',1,0,60,1393667048);
insert  into `jh_system_module`(`mod_id`,`module`,`level`,`ctl`,`act`,`title`,`visible`,`parent_id`,`orderby`,`dateline`) values (960,'module',3,'site/site','index','在建工地',1,959,50,1394245982);
insert  into `jh_system_module`(`mod_id`,`module`,`level`,`ctl`,`act`,`title`,`visible`,`parent_id`,`orderby`,`dateline`) values (961,'module',3,'site/site','create','新增工地',1,959,10,1394245982);
insert  into `jh_system_module`(`mod_id`,`module`,`level`,`ctl`,`act`,`title`,`visible`,`parent_id`,`orderby`,`dateline`) values (962,'module',3,'site/site','edit','修改工地',0,959,50,1394245982);
insert  into `jh_system_module`(`mod_id`,`module`,`level`,`ctl`,`act`,`title`,`visible`,`parent_id`,`orderby`,`dateline`) values (1075,'module',3,'tongji/tongji','via','外链推广',1,1070,50,1398505992);
insert  into `jh_system_module`(`mod_id`,`module`,`level`,`ctl`,`act`,`title`,`visible`,`parent_id`,`orderby`,`dateline`) values (1074,'module',3,'tongji/tongji','keyword','关键字分析',1,1070,50,1398503622);
insert  into `jh_system_module`(`mod_id`,`module`,`level`,`ctl`,`act`,`title`,`visible`,`parent_id`,`orderby`,`dateline`) values (1073,'module',3,'tongji/tongji','qushi','预约趋势',1,1070,3,1398475771);
insert  into `jh_system_module`(`mod_id`,`module`,`level`,`ctl`,`act`,`title`,`visible`,`parent_id`,`orderby`,`dateline`) values (1071,'module',3,'tongji/tongji','source','来源统计',1,1070,2,1398417648);
insert  into `jh_system_module`(`mod_id`,`module`,`level`,`ctl`,`act`,`title`,`visible`,`parent_id`,`orderby`,`dateline`) values (1072,'module',3,'tongji/tongji','index','统计明细',1,1070,1,1398422078);
insert  into `jh_system_module`(`mod_id`,`module`,`level`,`ctl`,`act`,`title`,`visible`,`parent_id`,`orderby`,`dateline`) values (833,'module',3,'system/config','mobile','3G版设置',1,269,9,1386842790);
insert  into `jh_system_module`(`mod_id`,`module`,`level`,`ctl`,`act`,`title`,`visible`,`parent_id`,`orderby`,`dateline`) values (1062,'module',3,'decorate/yuyue','so','搜索预约',0,1052,50,1398321930);
insert  into `jh_system_module`(`mod_id`,`module`,`level`,`ctl`,`act`,`title`,`visible`,`parent_id`,`orderby`,`dateline`) values (1061,'module',3,'decorate/yuyue','delete','删除预约',0,1052,50,1398321930);
insert  into `jh_system_module`(`mod_id`,`module`,`level`,`ctl`,`act`,`title`,`visible`,`parent_id`,`orderby`,`dateline`) values (1060,'module',3,'decorate/yuyue','edit','编辑预约',0,1052,50,1398321930);
insert  into `jh_system_module`(`mod_id`,`module`,`level`,`ctl`,`act`,`title`,`visible`,`parent_id`,`orderby`,`dateline`) values (1058,'module',3,'decorate/yuyue','index','套装预约',1,1052,50,1398321930);
insert  into `jh_system_module`(`mod_id`,`module`,`level`,`ctl`,`act`,`title`,`visible`,`parent_id`,`orderby`,`dateline`) values (1059,'module',3,'decorate/yuyue','create','新增预约',0,1052,50,1398321930);
insert  into `jh_system_module`(`mod_id`,`module`,`level`,`ctl`,`act`,`title`,`visible`,`parent_id`,`orderby`,`dateline`) values (1000,'module',3,'activity/yuyue','delete','删除报名',0,1050,50,1394595269);
insert  into `jh_system_module`(`mod_id`,`module`,`level`,`ctl`,`act`,`title`,`visible`,`parent_id`,`orderby`,`dateline`) values (999,'module',3,'activity/yuyue','edit','编辑报名',0,1050,50,1394595269);
insert  into `jh_system_module`(`mod_id`,`module`,`level`,`ctl`,`act`,`title`,`visible`,`parent_id`,`orderby`,`dateline`) values (998,'module',3,'activity/yuyue','create','新增报名',0,1050,50,1394595269);
insert  into `jh_system_module`(`mod_id`,`module`,`level`,`ctl`,`act`,`title`,`visible`,`parent_id`,`orderby`,`dateline`) values (997,'module',3,'activity/yuyue','index','报名管理',1,1050,50,1394595269);
insert  into `jh_system_module`(`mod_id`,`module`,`level`,`ctl`,`act`,`title`,`visible`,`parent_id`,`orderby`,`dateline`) values (996,'module',3,'activity/activity','so','搜索活动',0,991,50,1394525738);
insert  into `jh_system_module`(`mod_id`,`module`,`level`,`ctl`,`act`,`title`,`visible`,`parent_id`,`orderby`,`dateline`) values (995,'module',3,'activity/activity','delete','删除活动',0,991,50,1394525738);
insert  into `jh_system_module`(`mod_id`,`module`,`level`,`ctl`,`act`,`title`,`visible`,`parent_id`,`orderby`,`dateline`) values (994,'module',3,'activity/activity','edit','修改活动',0,991,50,1394525738);
insert  into `jh_system_module`(`mod_id`,`module`,`level`,`ctl`,`act`,`title`,`visible`,`parent_id`,`orderby`,`dateline`) values (993,'module',3,'activity/activity','create','新增活动',0,991,50,1394525738);
insert  into `jh_system_module`(`mod_id`,`module`,`level`,`ctl`,`act`,`title`,`visible`,`parent_id`,`orderby`,`dateline`) values (992,'module',3,'activity/activity','index','活动列表',1,991,50,1394525738);
insert  into `jh_system_module`(`mod_id`,`module`,`level`,`ctl`,`act`,`title`,`visible`,`parent_id`,`orderby`,`dateline`) values (991,'menu',2,'','','活动管理',1,1049,11,1394525556);
insert  into `jh_system_module`(`mod_id`,`module`,`level`,`ctl`,`act`,`title`,`visible`,`parent_id`,`orderby`,`dateline`) values (990,'module',3,'site/yuyue','so','搜索预约',0,959,50,1394523857);
insert  into `jh_system_module`(`mod_id`,`module`,`level`,`ctl`,`act`,`title`,`visible`,`parent_id`,`orderby`,`dateline`) values (989,'module',3,'site/yuyue','delete','删除预约',0,959,50,1394523857);
insert  into `jh_system_module`(`mod_id`,`module`,`level`,`ctl`,`act`,`title`,`visible`,`parent_id`,`orderby`,`dateline`) values (988,'module',3,'site/yuyue','edit','修改预约',0,959,50,1394523857);
insert  into `jh_system_module`(`mod_id`,`module`,`level`,`ctl`,`act`,`title`,`visible`,`parent_id`,`orderby`,`dateline`) values (987,'module',3,'site/yuyue','create','新增预约',0,959,50,1394523857);
insert  into `jh_system_module`(`mod_id`,`module`,`level`,`ctl`,`act`,`title`,`visible`,`parent_id`,`orderby`,`dateline`) values (986,'module',3,'site/yuyue','index','工地预约',1,959,50,1394523857);
insert  into `jh_system_module`(`mod_id`,`module`,`level`,`ctl`,`act`,`title`,`visible`,`parent_id`,`orderby`,`dateline`) values (985,'module',3,'designer/yuyue','so','搜索预约',0,935,50,1394441582);
insert  into `jh_system_module`(`mod_id`,`module`,`level`,`ctl`,`act`,`title`,`visible`,`parent_id`,`orderby`,`dateline`) values (984,'module',3,'designer/yuyue','delete','删除预约',0,935,50,1394441582);
insert  into `jh_system_module`(`mod_id`,`module`,`level`,`ctl`,`act`,`title`,`visible`,`parent_id`,`orderby`,`dateline`) values (983,'module',3,'designer/yuyue','edit','编辑预约',0,935,50,1394441582);
insert  into `jh_system_module`(`mod_id`,`module`,`level`,`ctl`,`act`,`title`,`visible`,`parent_id`,`orderby`,`dateline`) values (982,'module',3,'designer/yuyue','create','新增预约',0,935,50,1394441582);
insert  into `jh_system_module`(`mod_id`,`module`,`level`,`ctl`,`act`,`title`,`visible`,`parent_id`,`orderby`,`dateline`) values (980,'module',3,'tenders/tenders','so','搜索申请',0,970,50,1394274094);
insert  into `jh_system_module`(`mod_id`,`module`,`level`,`ctl`,`act`,`title`,`visible`,`parent_id`,`orderby`,`dateline`) values (981,'module',3,'designer/yuyue','index','预约设计师',1,935,50,1394441582);
insert  into `jh_system_module`(`mod_id`,`module`,`level`,`ctl`,`act`,`title`,`visible`,`parent_id`,`orderby`,`dateline`) values (1070,'menu',2,'','','数据分析',1,5,50,1398333249);
insert  into `jh_system_module`(`mod_id`,`module`,`level`,`ctl`,`act`,`title`,`visible`,`parent_id`,`orderby`,`dateline`) values (1069,'module',3,'activity/lanmu','activity','活动栏目',0,991,50,1398332770);
insert  into `jh_system_module`(`mod_id`,`module`,`level`,`ctl`,`act`,`title`,`visible`,`parent_id`,`orderby`,`dateline`) values (1068,'module',3,'activity/lanmu','so','搜索栏目',0,991,50,1398332770);
insert  into `jh_system_module`(`mod_id`,`module`,`level`,`ctl`,`act`,`title`,`visible`,`parent_id`,`orderby`,`dateline`) values (1067,'module',3,'activity/lanmu','delete','删除栏目',0,991,50,1398332770);
insert  into `jh_system_module`(`mod_id`,`module`,`level`,`ctl`,`act`,`title`,`visible`,`parent_id`,`orderby`,`dateline`) values (921,'module',3,'article/link','so','搜索标签',0,85,50,1389168755);
insert  into `jh_system_module`(`mod_id`,`module`,`level`,`ctl`,`act`,`title`,`visible`,`parent_id`,`orderby`,`dateline`) values (922,'module',3,'system/theme','config','管理模板',0,670,50,1389258144);
insert  into `jh_system_module`(`mod_id`,`module`,`level`,`ctl`,`act`,`title`,`visible`,`parent_id`,`orderby`,`dateline`) values (923,'module',3,'system/theme','install','安装模板',0,670,50,1389258144);
insert  into `jh_system_module`(`mod_id`,`module`,`level`,`ctl`,`act`,`title`,`visible`,`parent_id`,`orderby`,`dateline`) values (924,'module',3,'system/theme','uninstall','卸载模板',0,670,50,1389258144);
insert  into `jh_system_module`(`mod_id`,`module`,`level`,`ctl`,`act`,`title`,`visible`,`parent_id`,`orderby`,`dateline`) values (925,'module',3,'system/theme','setdefault','设置默认模板',0,670,50,1389258144);
insert  into `jh_system_module`(`mod_id`,`module`,`level`,`ctl`,`act`,`title`,`visible`,`parent_id`,`orderby`,`dateline`) values (927,'module',3,'system/seotmpl','config','配置SEO',0,269,50,1390032700);
insert  into `jh_system_module`(`mod_id`,`module`,`level`,`ctl`,`act`,`title`,`visible`,`parent_id`,`orderby`,`dateline`) values (1077,'module',3,'system/config','access','访问控制',1,269,50,1419053776);
insert  into `jh_system_module`(`mod_id`,`module`,`level`,`ctl`,`act`,`title`,`visible`,`parent_id`,`orderby`,`dateline`) values (1078,'module',3,'sms/log','index','短信日志',1,269,49,1419056807);
insert  into `jh_system_module`(`mod_id`,`module`,`level`,`ctl`,`act`,`title`,`visible`,`parent_id`,`orderby`,`dateline`) values (1079,'module',3,'sms/log','so','短信搜索',0,269,49,1419057054);
insert  into `jh_system_module`(`mod_id`,`module`,`level`,`ctl`,`act`,`title`,`visible`,`parent_id`,`orderby`,`dateline`) values (1080,'module',3,'cate/cate','index','分类管理',1,269,50,1419399781);
insert  into `jh_system_module`(`mod_id`,`module`,`level`,`ctl`,`act`,`title`,`visible`,`parent_id`,`orderby`,`dateline`) values (1081,'module',3,'cate/cate','create','添加分类',0,269,50,1421228268);
insert  into `jh_system_module`(`mod_id`,`module`,`level`,`ctl`,`act`,`title`,`visible`,`parent_id`,`orderby`,`dateline`) values (1082,'menu',2,'','','项目经理管理',1,934,49,1421229889);
insert  into `jh_system_module`(`mod_id`,`module`,`level`,`ctl`,`act`,`title`,`visible`,`parent_id`,`orderby`,`dateline`) values (1083,'module',3,'manager/manager','create','添加项目经理',1,1082,50,1421230235);
insert  into `jh_system_module`(`mod_id`,`module`,`level`,`ctl`,`act`,`title`,`visible`,`parent_id`,`orderby`,`dateline`) values (1084,'module',3,'manager/manager','index','项目经理列表',1,1082,50,1421230235);
insert  into `jh_system_module`(`mod_id`,`module`,`level`,`ctl`,`act`,`title`,`visible`,`parent_id`,`orderby`,`dateline`) values (1085,'module',3,'manager/manager','edit','修改项目经理',0,1082,50,1421230235);
insert  into `jh_system_module`(`mod_id`,`module`,`level`,`ctl`,`act`,`title`,`visible`,`parent_id`,`orderby`,`dateline`) values (1086,'module',3,'manager/manager','delete','删除项目经理',0,1082,50,1421230235);
insert  into `jh_system_module`(`mod_id`,`module`,`level`,`ctl`,`act`,`title`,`visible`,`parent_id`,`orderby`,`dateline`) values (1087,'module',3,'manager/manager','so','搜索项目经理',0,1082,50,1421230235);
insert  into `jh_system_module`(`mod_id`,`module`,`level`,`ctl`,`act`,`title`,`visible`,`parent_id`,`orderby`,`dateline`) values (1088,'module',3,'manager/yuyue','index','预约项目经理',1,1082,50,1421230235);
insert  into `jh_system_module`(`mod_id`,`module`,`level`,`ctl`,`act`,`title`,`visible`,`parent_id`,`orderby`,`dateline`) values (1089,'module',3,'manager/yuyue','create','新增预约',0,1082,50,1421230235);
insert  into `jh_system_module`(`mod_id`,`module`,`level`,`ctl`,`act`,`title`,`visible`,`parent_id`,`orderby`,`dateline`) values (1090,'module',3,'manager/yuyue','edit','编辑预约',0,1082,50,1421230235);
insert  into `jh_system_module`(`mod_id`,`module`,`level`,`ctl`,`act`,`title`,`visible`,`parent_id`,`orderby`,`dateline`) values (1091,'module',3,'manager/yuyue','delete','删除预约',0,1082,50,1421230235);
insert  into `jh_system_module`(`mod_id`,`module`,`level`,`ctl`,`act`,`title`,`visible`,`parent_id`,`orderby`,`dateline`) values (1092,'module',3,'manager/yuyue','so','搜索预约',0,1082,50,1421230235);
insert  into `jh_system_module`(`mod_id`,`module`,`level`,`ctl`,`act`,`title`,`visible`,`parent_id`,`orderby`,`dateline`) values (1093,'module',3,'cate/cate','edit','修改分类',0,269,50,1421726375);
insert  into `jh_system_module`(`mod_id`,`module`,`level`,`ctl`,`act`,`title`,`visible`,`parent_id`,`orderby`,`dateline`) values (1094,'module',3,'cate/cate','delete','删除分类',0,269,50,1421726375);
insert  into `jh_systmpl`(`systmpl_id`,`title`,`from`,`key`,`intro`,`tmpl`,`tmpl1`,`tmpl2`,`dateline`,`is_open`) values (1,'业主申请装修收到短信模板','sms','sms_tenders','1、{mobile}手机号码,\r\n2、{name}注意不一定会有值没有值得时候会使用业主2个字！','尊敬的{name},您的手机号{mobile}于{dateline}在{sitename}申请了装修服务！稍后客服将会联系您确认需求！【{sitename}】',NULL,NULL,1387876702,1);
insert  into `jh_systmpl`(`systmpl_id`,`title`,`from`,`key`,`intro`,`tmpl`,`tmpl1`,`tmpl2`,`dateline`,`is_open`) values (76,'在建工地详情页','seo','seo_site_detail','a:2:{s:4:\"site\";s:12:\"工地名称\";s:4:\"addr\";s:12:\"工地地址\";}','{site_title}{site}{addr}','{site_title}{site}{addr}','{site_title}{site}{addr}',1394525361,1);
insert  into `jh_systmpl`(`systmpl_id`,`title`,`from`,`key`,`intro`,`tmpl`,`tmpl1`,`tmpl2`,`dateline`,`is_open`) values (77,'关于我们','seo','seo_about','a:1:{s:5:\"title\";s:6:\"标题\";}','{site_title}{title}','{site_title}{title}','{site_title}{title}',1394530478,1);
insert  into `jh_systmpl`(`systmpl_id`,`title`,`from`,`key`,`intro`,`tmpl`,`tmpl1`,`tmpl2`,`dateline`,`is_open`) values (2,'业主预约设计师收到短信模板','sms','sms_designer_yuyue','1、{name} 业主名称\r\n2、{mobile} 业主手机号码\r\n3、{designer} 设计师名称','尊敬的{name}您于{dateline}在{sitename}预约了设计师\"{designer}\"给您设计房屋装修！预祝您装修愉快！【sitename】',NULL,NULL,1387877024,0);
insert  into `jh_systmpl`(`systmpl_id`,`title`,`from`,`key`,`intro`,`tmpl`,`tmpl1`,`tmpl2`,`dateline`,`is_open`) values (66,'首页SEO调整','seo','seo_index','a:0:{}','江湖装修企业营销网系统是最好的PHP装企营销网系统','江湖装修企业营销网系统是最好的PHP装企营销网系统','江湖装修企业营销网系统是最好的PHP装企营销网系统',1394416675,1);
insert  into `jh_systmpl`(`systmpl_id`,`title`,`from`,`key`,`intro`,`tmpl`,`tmpl1`,`tmpl2`,`dateline`,`is_open`) values (67,'我要装修页面SEO','seo','seo_tenders','a:0:{}','装修找{site_title}最省心！报名立省2000元！{phone}','合肥装修，合肥装修公司','装修找{site_title}最省心！报名立省2000元！',1394433949,1);
insert  into `jh_systmpl`(`systmpl_id`,`title`,`from`,`key`,`intro`,`tmpl`,`tmpl1`,`tmpl2`,`dateline`,`is_open`) values (68,'案例列表','seo','seo_case','a:0:{}','合肥最好的设计案例-{phone}','合肥最好的设计案例-{phone}','合肥最好的设计案例-{phone}',1394434462,1);
insert  into `jh_systmpl`(`systmpl_id`,`title`,`from`,`key`,`intro`,`tmpl`,`tmpl1`,`tmpl2`,`dateline`,`is_open`) values (70,'案例详情','seo','seo_case_detail','a:6:{s:5:\"title\";s:6:\"标题\";s:8:\"designer\";s:9:\"设计师\";s:9:\"home_name\";s:12:\"小区楼盘\";s:9:\"seo_title\";s:9:\"SEO标题\";s:12:\"seo_keywords\";s:12:\"SEO关键字\";s:15:\"seo_description\";s:9:\"SEO描述\";}','{title}-{home_name}小区案例-{designer}之作','{home_name}小区案例-{designer}之作','{home_name}小区案例-{designer}之作',1394444312,1);
insert  into `jh_systmpl`(`systmpl_id`,`title`,`from`,`key`,`intro`,`tmpl`,`tmpl1`,`tmpl2`,`dateline`,`is_open`) values (71,'设计师列表','seo','seo_designer','a:0:{}','{site_title}设计师列表','{site_title}设计师列表','{site_title}设计师列表',1394449123,1);
insert  into `jh_systmpl`(`systmpl_id`,`title`,`from`,`key`,`intro`,`tmpl`,`tmpl1`,`tmpl2`,`dateline`,`is_open`) values (72,'业主预约设计师通知管理员','sms','sms_admin_designer','1、{name}业主\r\n2、{mobile}手机\r\n3、{designer}设计师','尊敬的管理员：业主\"{name}\"于{dateline}在您的网站预约了{designer}的设计;联系电话:{mobile}！【{sitename}】',NULL,NULL,1394504116,0);
insert  into `jh_systmpl`(`systmpl_id`,`title`,`from`,`key`,`intro`,`tmpl`,`tmpl1`,`tmpl2`,`dateline`,`is_open`) values (73,'设计师详情','seo','seo_designer_detail','a:1:{s:4:\"name\";s:15:\"设计师名称\";}','{site_title}设计师{name}介绍','{site_title}设计师{name}介绍','{site_title}设计师{name}介绍',1394506405,1);
insert  into `jh_systmpl`(`systmpl_id`,`title`,`from`,`key`,`intro`,`tmpl`,`tmpl1`,`tmpl2`,`dateline`,`is_open`) values (74,'装修保障页面','seo','seo_bao','a:0:{}','{site_title}保障','{site_title}保障','{site_title}保障',1394506612,1);
insert  into `jh_systmpl`(`systmpl_id`,`title`,`from`,`key`,`intro`,`tmpl`,`tmpl1`,`tmpl2`,`dateline`,`is_open`) values (75,'在建工地列表页','seo','seo_site','a:0:{}','{site_title}在建工地','{site_title}在建工地','{site_title}在建工地',1394506689,1);
insert  into `jh_systmpl`(`systmpl_id`,`title`,`from`,`key`,`intro`,`tmpl`,`tmpl1`,`tmpl2`,`dateline`,`is_open`) values (78,'业主报名活动','sms','sms_activity_yuyue','1、{name} 业主名称\r\n2、{mobile} 业主手机号码\r\n3、{activity} 活动','尊敬的{name}您于{dateline}在{sitename}报名了\"{activity}\"！预祝您装修愉快！【{sitename}】',NULL,NULL,1394596703,1);
insert  into `jh_systmpl`(`systmpl_id`,`title`,`from`,`key`,`intro`,`tmpl`,`tmpl1`,`tmpl2`,`dateline`,`is_open`) values (79,'业主报名活动通知管理员','sms','sms_admin_activity','1、{name}\r\n2、{mobile}\r\n3、{activity}','尊敬的管理员：业主\"{name}\"于{dateline}在您的网站报名了“{activity}”;联系电话:{mobile}！【{sitename}】',NULL,NULL,1394596777,0);
insert  into `jh_systmpl`(`systmpl_id`,`title`,`from`,`key`,`intro`,`tmpl`,`tmpl1`,`tmpl2`,`dateline`,`is_open`) values (80,'优惠活动列表','seo','seo_activity','a:0:{}','{site_title}','{site_title}','{site_title}',1394596844,1);
insert  into `jh_systmpl`(`systmpl_id`,`title`,`from`,`key`,`intro`,`tmpl`,`tmpl1`,`tmpl2`,`dateline`,`is_open`) values (81,'优惠活动详情','seo','seo_activity_detail','a:4:{s:5:\"title\";s:6:\"标题\";s:9:\"seo_title\";s:9:\"SEO标题\";s:12:\"seo_keywords\";s:12:\"SEO关键字\";s:15:\"seo_description\";s:9:\"SEO描述\";}','{site_title}{title}','{site_title}{title}','{site_title}{title}',1394597010,1);
insert  into `jh_systmpl`(`systmpl_id`,`title`,`from`,`key`,`intro`,`tmpl`,`tmpl1`,`tmpl2`,`dateline`,`is_open`) values (93,'产品详情页面','seo','seo_product_detail','a:1:{s:5:\"title\";s:12:\"产品名称\";}','{title}','{title}','{title}',1399536531,1);
insert  into `jh_systmpl`(`systmpl_id`,`title`,`from`,`key`,`intro`,`tmpl`,`tmpl1`,`tmpl2`,`dateline`,`is_open`) values (95,'手机下载页面的SEO','seo','seo_app','a:0:{}','{site_title}手机版本','{site_title}手机版本','{site_title}手机版本',1399629595,1);
insert  into `jh_systmpl`(`systmpl_id`,`title`,`from`,`key`,`intro`,`tmpl`,`tmpl1`,`tmpl2`,`dateline`,`is_open`) values (83,'帮助中心详情','seo','seo_help_detail','a:4:{s:5:\"title\";s:6:\"标题\";s:9:\"seo_title\";s:9:\"SEO标题\";s:12:\"seo_keywords\";s:12:\"SEO关键字\";s:15:\"seo_description\";s:9:\"SEO描述\";}','{title}','{title}','{title}',1394603798,1);
insert  into `jh_systmpl`(`systmpl_id`,`title`,`from`,`key`,`intro`,`tmpl`,`tmpl1`,`tmpl2`,`dateline`,`is_open`) values (84,'装修资讯列表页','seo','seo_article','a:1:{s:4:\"cate\";s:6:\"分类\";}','{site_title}{cate}','{site_title}{cate}','{site_title}{cate}',1394603912,1);
insert  into `jh_systmpl`(`systmpl_id`,`title`,`from`,`key`,`intro`,`tmpl`,`tmpl1`,`tmpl2`,`dateline`,`is_open`) values (85,'文章详情','seo','seo_article_detail','a:4:{s:5:\"title\";s:6:\"标题\";s:9:\"seo_title\";s:9:\"SEO标题\";s:12:\"seo_keywords\";s:12:\"SEO关键字\";s:15:\"seo_description\";s:9:\"SEO描述\";}','{title}','{title}','{title}',1394603985,1);
insert  into `jh_systmpl`(`systmpl_id`,`title`,`from`,`key`,`intro`,`tmpl`,`tmpl1`,`tmpl2`,`dateline`,`is_open`) values (16,'招标通知管理员邮件','mail','email_tenders','1、{name}\r\n2、{mobile}','<p>\r\n	尊敬的管理员：\r\n</p>\r\n<p>\r\n	<br />\r\n</p>\r\n<p>\r\n	&nbsp; &nbsp;{name} 在{dateline} 在网站发布了招标！请速度联系！\r\n</p>\r\n<p>\r\n	&nbsp; &nbsp; 联系方式{mobile}\r\n</p>',NULL,NULL,1388040012,1);
insert  into `jh_systmpl`(`systmpl_id`,`title`,`from`,`key`,`intro`,`tmpl`,`tmpl1`,`tmpl2`,`dateline`,`is_open`) values (86,'平价材料列表','seo','seo_product','a:2:{s:8:\"cat_name\";s:6:\"分类\";s:10:\"brand_name\";s:6:\"品牌\";}','{cat_name} {brand_name}产品列表{site_title}','{cat_name} {brand_name}产品列表{site_title}','{cat_name} {brand_name}产品列表{site_title}',1394617429,1);
insert  into `jh_systmpl`(`systmpl_id`,`title`,`from`,`key`,`intro`,`tmpl`,`tmpl1`,`tmpl2`,`dateline`,`is_open`) values (87,'业主申请评价材料优惠通知业主','sms','sms_product_yuyue','1、{name} 业主名称\r\n2、{mobile} 业主手机号码\r\n3、{product} 产品','尊敬的{name}您于{dateline}在{sitename}询问了产品\"{product}\"的优惠！【{sitename}】',NULL,NULL,1394618599,0);
insert  into `jh_systmpl`(`systmpl_id`,`title`,`from`,`key`,`intro`,`tmpl`,`tmpl1`,`tmpl2`,`dateline`,`is_open`) values (88,'业主申请平价材料优惠通知管理员','sms','sms_admin_product','1、{name} 业主名称\r\n2、{mobile} 业主手机号码\r\n3、{product} 活动','尊敬的管理员：业主\"{name}\"于{dateline}在您的网站申请了“{product}”优惠价格;联系电话:{mobile}！【{sitename}】',NULL,NULL,1394618713,0);
insert  into `jh_systmpl`(`systmpl_id`,`title`,`from`,`key`,`intro`,`tmpl`,`tmpl1`,`tmpl2`,`dateline`,`is_open`) values (89,'团装列表','seo','seo_tuan','a:0:{}','{site_title}小区团装列表','{site_title}小区团装列表','{site_title}小区团装列表',1394676699,1);
insert  into `jh_systmpl`(`systmpl_id`,`title`,`from`,`key`,`intro`,`tmpl`,`tmpl1`,`tmpl2`,`dateline`,`is_open`) values (90,'团装详情','seo','seo_tuan_detail','a:2:{s:9:\"home_name\";s:12:\"小区名称\";s:5:\"title\";s:6:\"标题\";}','{home_name}{title}','{home_name}{title}','{home_name}{title}',1394679432,1);
insert  into `jh_systmpl`(`systmpl_id`,`title`,`from`,`key`,`intro`,`tmpl`,`tmpl1`,`tmpl2`,`dateline`,`is_open`) values (91,'业主报名团装收到短信','sms','sms_tuan_yuyue','1、{name} 业主名称\r\n2、{mobile} 业主手机号码\r\n3、{tuan} 小区','尊敬的{name}您于{dateline}在{sitename}报名了\"{tuan}\"的团装活动！预祝您装修愉快！【sitename】',NULL,NULL,1394682006,1);
insert  into `jh_systmpl`(`systmpl_id`,`title`,`from`,`key`,`intro`,`tmpl`,`tmpl1`,`tmpl2`,`dateline`,`is_open`) values (92,'业主团装活动报名通知管理员','sms','sms_admin_tuan','1、{name} 业主名称\r\n2、{mobile} 业主手机号码\r\n3、{tuan} 团装','尊敬的管理员：业主\"{name}\"于{dateline}在您的网站申请了“{tuan}”团装活动;联系电话:{mobile}！【{sitename}】',NULL,NULL,1394682061,0);
insert  into `jh_systmpl`(`systmpl_id`,`title`,`from`,`key`,`intro`,`tmpl`,`tmpl1`,`tmpl2`,`dateline`,`is_open`) values (94,'业主心声SEO','seo','seo_case_dianping','a:0:{}','{site_title}业主心声','{site_title}业主心声','{site_title}业主心声',1399606971,1);
insert  into `jh_systmpl`(`systmpl_id`,`title`,`from`,`key`,`intro`,`tmpl`,`tmpl1`,`tmpl2`,`dateline`,`is_open`) values (96,'装修套餐SEO','seo','seo_taocan','a:1:{s:5:\"title\";s:12:\"套餐名称\";}','{title}{site_title}','{site_title}{title}','{site_title}{title}',1399687687,1);
insert  into `jh_systmpl`(`systmpl_id`,`title`,`from`,`key`,`intro`,`tmpl`,`tmpl1`,`tmpl2`,`dateline`,`is_open`) values (97,'业主报名套餐装修通知业主','sms','sms_package_yuyue','1、{name} 业主名称\r\n2、{mobile} 业主手机号码\r\n3、{title} 套餐','尊敬的{name}您于{dateline}在{sitename}报名了\"{title}\"的套餐装修！预祝您装修愉快！【{sitename}】',NULL,NULL,1399688474,0);
insert  into `jh_systmpl`(`systmpl_id`,`title`,`from`,`key`,`intro`,`tmpl`,`tmpl1`,`tmpl2`,`dateline`,`is_open`) values (98,'业主申请装修套餐通知管理员','sms','sms_admin_package','1、{name} 业主名称\r\n2、{mobile} 业主手机号码\r\n3、{title} 套餐','尊敬的管理员：业主\"{name}\"于{dateline}在您的网站申请了“{title}”套餐装修;联系电话:{mobile}！【{sitename}】',NULL,NULL,1399689289,0);
insert  into `jh_systmpl`(`systmpl_id`,`title`,`from`,`key`,`intro`,`tmpl`,`tmpl1`,`tmpl2`,`dateline`,`is_open`) values (99,'工具页面','seo','seo_tools','a:1:{s:5:\"title\";s:6:\"标题\";}','{title}{site_title}','{title}{site_title}','{title}{site_title}',1399709515,1);
insert  into `jh_systmpl`(`systmpl_id`,`title`,`from`,`key`,`intro`,`tmpl`,`tmpl1`,`tmpl2`,`dateline`,`is_open`) values (69,'业主申请装修通知管理员','sms','sms_admin_tenders','1、{name}业主\r\n2、{mobile}业主手机','管理员同志您好！{name}于{dateline}在您的网站申请了装修，业主联系电话如下:\r\n{mobile}!【sitename】',NULL,NULL,1394443903,0);
insert  into `jh_systmpl`(`systmpl_id`,`title`,`from`,`key`,`intro`,`tmpl`,`tmpl1`,`tmpl2`,`dateline`,`is_open`) values (100,'业主在线报价通知短信模版','sms','sms_tenders_budget','1、{name}业主 2、{mobile}业主手机3、{budget}预算','尊敬的{name}，您于{dateline}在{sitename}申请的在线报价预算结果为￥{budget}（仅供参考）！预祝您装修愉快！【{sitename}】',NULL,NULL,1422072364,1);
INSERT INTO jh_tenders_setting (setting_id, `type`, `name`) VALUES(10, 6, '半包');
INSERT INTO jh_themes (theme_id, theme, title, thumb, config, `default`, dateline) VALUES(1, 'default', '默认模板', 'thumb.jpg', NULL, 1, 1394416067);